Model,RMSE,MAE,R2
Random Forest Regressor,4.90505172959767,2.754854982494083,0.9884149004174949
Gradient Boosting Regressor,6.658769798194468,4.940154453236735,0.978649866765464
Multiple Linear Regression,16.7355400932999,12.257846493464017,0.8651372371389475
Simple Linear Regression (binder),21.560942792767655,15.540400313392864,0.7761546474790939
