Model,RMSE,MAE,R2
Random Forest Regressor,4.90505172959767,2.754854982494083,0.9884149004174949
Gradient Boosting Regressor,6.658769798194468,4.940154453236735,0.978649866765464
Support Vector Regressor,9.551044812751698,6.010533954632497,0.9560747387756494
K-Nearest Neighbours Regressor,9.848156673946741,4.908553112584262,0.9532993972669809
Multiple Linear Regression,16.7355400932999,12.257846493464017,0.8651372371389475
Simple Linear Regression (binder),21.56094279276766,15.540400313392864,0.7761546474790938
Naive Bayes Strength-Range Model,32.71782866630302,25.569268306230892,0.4845559448806581
