Model,Actual,Predicted,Residual
Simple Linear Regression (binder),37.43,33.75313376789241,3.6768662321075922
Simple Linear Regression (binder),52.91,32.82112425626762,20.088875743732373
Simple Linear Regression (binder),6.88,26.37929380827287,-19.49929380827287
Simple Linear Regression (binder),27.83,23.22690869542437,4.603091304575628
Simple Linear Regression (binder),42.62,45.84184537455491,-3.22184537455491
Simple Linear Regression (binder),16.0,16.64801802513184,-0.6480180251318401
Simple Linear Regression (binder),100.1,130.68212297686887,-30.582122976868874
Simple Linear Regression (binder),11.36,18.70392135959826,-7.343921359598262
Simple Linear Regression (binder),39.15,26.708238341787492,12.441761658212506
Simple Linear Regression (binder),14.7,33.506425367756435,-18.806425367756436
Simple Linear Regression (binder),44.52,43.511821595492975,1.008178404507028
Simple Linear Regression (binder),37.43,33.75313376789241,3.6768662321075922
Simple Linear Regression (binder),28.1,47.30838975314094,-19.208389753140942
Simple Linear Regression (binder),114.44,101.94059436102842,12.49940563897158
Simple Linear Regression (binder),39.49,28.57225736503704,10.917742634962963
Simple Linear Regression (binder),168.0,143.15460320596512,24.845396794034883
Simple Linear Regression (binder),55.32,90.38641762132718,-35.06641762132718
Simple Linear Regression (binder),15.62,26.37929380827287,-10.75929380827287
Simple Linear Regression (binder),139.3,119.0320040815592,20.267995918440818
Simple Linear Regression (binder),98.3,124.51441297346963,-26.214412973469635
Simple Linear Regression (binder),31.42,35.932391302426794,-4.512391302426792
Simple Linear Regression (binder),39.45,36.93293092520045,2.5170690747995508
Simple Linear Regression (binder),19.99,28.764141676253903,-8.774141676253905
Simple Linear Regression (binder),10.73,25.392460207728988,-14.662460207728987
Simple Linear Regression (binder),40.9,56.12136204688697,-15.221362046886973
Simple Linear Regression (binder),35.76,23.22690869542437,12.533091304575628
Simple Linear Regression (binder),39.5,56.12136204688697,-16.621362046886972
Simple Linear Regression (binder),107.6,145.2105065404315,-37.610506540431516
Simple Linear Regression (binder),58.4,56.12136204688697,2.2786379531130265
Simple Linear Regression (binder),29.87,42.0041591502176,-12.134159150217602
Simple Linear Regression (binder),28.6,53.476099756540194,-24.876099756540192
Simple Linear Regression (binder),120.6,104.09243985110326,16.50756014889673
Simple Linear Regression (binder),21.18,27.22906718651898,-6.049067186518979
Simple Linear Regression (binder),106.3,102.72183762812566,3.578162371874342
Simple Linear Regression (binder),9.13,26.105173363677345,-16.975173363677342
Simple Linear Regression (binder),130.6,134.24568875661066,-3.6456887566106673
Simple Linear Regression (binder),44.3,26.105173363677345,18.194826636322652
Simple Linear Regression (binder),62.5,44.992071996308795,17.507928003691205
Simple Linear Regression (binder),53.52,55.02488026850488,-1.504880268504877
Simple Linear Regression (binder),7.0,16.236837358238567,-9.236837358238567
Simple Linear Regression (binder),46.93,32.82112425626762,14.108875743732376
Simple Linear Regression (binder),85.1,128.62621964240245,-43.52621964240245
Simple Linear Regression (binder),21.3,11.713850022412458,9.586149977587542
Simple Linear Regression (binder),12.84,13.084452245390061,-0.24445224539006105
Simple Linear Regression (binder),10.39,29.16161632091741,-18.77161632091741
Simple Linear Regression (binder),19.77,43.05952286191036,-23.28952286191036
Simple Linear Regression (binder),14.94,39.112188459734845,-24.172188459734848
Simple Linear Regression (binder),25.18,24.871631362997498,0.30836863700250206
Simple Linear Regression (binder),23.5,56.12136204688697,-32.62136204688697
Simple Linear Regression (binder),166.7,145.2105065404315,21.48949345956848
Simple Linear Regression (binder),62.1,102.72183762812566,-40.621837628125654
Simple Linear Regression (binder),55.16,49.268350931998924,5.8916490680010725
Simple Linear Regression (binder),162.8,145.2105065404315,17.5894934595685
Simple Linear Regression (binder),36.84,49.40541115429669,-12.565411154296683
Simple Linear Regression (binder),50.66,32.82112425626762,17.838875743732373
Simple Linear Regression (binder),18.2,27.22906718651898,-9.02906718651898
Simple Linear Regression (binder),10.0,11.850910244710214,-1.8509102447102137
Simple Linear Regression (binder),118.0,102.72183762812566,15.278162371874345
Simple Linear Regression (binder),25.57,20.34864402717139,5.221355972828611
Simple Linear Regression (binder),38.02,55.98430182458921,-17.964301824589207
Simple Linear Regression (binder),12.18,16.922138469727372,-4.742138469727372
Simple Linear Regression (binder),18.0,23.0898484731266,-5.089848473126601
Simple Linear Regression (binder),21.95,13.084452245390061,8.865547754609938
Simple Linear Regression (binder),44.7,28.57225736503704,16.127742634962964
Simple Linear Regression (binder),220.2,148.25324347544182,71.94675652455817
Simple Linear Regression (binder),28.0,32.547003811672106,-4.547003811672106
Simple Linear Regression (binder),25.45,35.15114803532956,-9.701148035329563
Simple Linear Regression (binder),50.08,33.97243012356881,16.107569876431185
Simple Linear Regression (binder),15.09,30.669278766192782,-15.579278766192783
Simple Linear Regression (binder),33.12,45.84184537455491,-12.72184537455491
Simple Linear Regression (binder),9.85,29.25755847652584,-19.407558476525843
Simple Linear Regression (binder),178.1,145.2105065404315,32.889493459568484
Simple Linear Regression (binder),41.68,50.474480888219226,-8.794480888219226
Simple Linear Regression (binder),50.95,32.82112425626762,18.12887574373238
Simple Linear Regression (binder),52.44,45.704785152257145,6.735214847742853
Simple Linear Regression (binder),31.42,35.97350936911613,-4.553509369116128
Simple Linear Regression (binder),12.55,23.98073991806205,-11.430739918062049
Simple Linear Regression (binder),44.21,28.57225736503704,15.637742634962962
Simple Linear Regression (binder),60.2,44.992071996308795,15.207928003691208
Simple Linear Regression (binder),31.97,32.27288336707658,-0.30288336707658203
Simple Linear Regression (binder),40.86,32.82112425626762,8.038875743732376
Simple Linear Regression (binder),46.64,33.97243012356881,12.667569876431187
Simple Linear Regression (binder),53.46,36.850694791821795,16.609305208178206
Simple Linear Regression (binder),37.36,35.42526847992508,1.9347315200749193
Simple Linear Regression (binder),26.31,23.624383340087874,2.6856166599121245
Simple Linear Regression (binder),138.3,90.38641762132718,47.91358237867283
Simple Linear Regression (binder),68.0,73.93919094559588,-5.9391909455958825
Simple Linear Regression (binder),159.1,141.3179962271751,17.782003772824908
Simple Linear Regression (binder),41.1,48.78864015395676,-7.6886401539567615
Simple Linear Regression (binder),71.99,47.21244759753252,24.777552402467478
Simple Linear Regression (binder),55.55,68.45678205368544,-12.906782053685447
Simple Linear Regression (binder),19.11,34.60290714613852,-15.49290714613852
Simple Linear Regression (binder),177.2,145.2105065404315,31.98949345956848
Simple Linear Regression (binder),144.7,186.32857322975977,-41.62857322975978
Simple Linear Regression (binder),36.8,39.16701254865396,-2.3670125486539604
Simple Linear Regression (binder),35.85,29.860623454635988,5.9893765453640135
Simple Linear Regression (binder),66.43,73.93919094559588,-7.509190945595876
Simple Linear Regression (binder),43.0,32.547003811672106,10.452996188327894
Simple Linear Regression (binder),24.29,22.747197917382202,1.542802082617797
Simple Linear Regression (binder),67.57,49.268350931998924,18.30164906800107
Simple Linear Regression (binder),41.54,45.84184537455491,-4.301845374554908
Simple Linear Regression (binder),71.62,73.93919094559588,-2.319190945595878
Simple Linear Regression (binder),79.99,54.75075982390936,25.239240176090632
Simple Linear Regression (binder),192.2,161.93185366075835,30.26814633924164
Simple Linear Regression (binder),29.41,52.146615600251906,-22.736615600251906
Simple Linear Regression (binder),20.42,34.60290714613852,-14.182907146138518
Simple Linear Regression (binder),122.9,124.51441297346963,-1.6144129734696264
Simple Linear Regression (binder),111.0,102.72183762812566,8.278162371874345
Simple Linear Regression (binder),27.63,15.551536246749762,12.078463753250237
Simple Linear Regression (binder),38.27,47.34950781983027,-9.079507819830269
Simple Linear Regression (binder),19.52,26.90012265300436,-7.38012265300436
Simple Linear Regression (binder),32.63,47.03426930854542,-14.404269308545416
Simple Linear Regression (binder),49.71,56.12136204688697,-6.411362046886971
Simple Linear Regression (binder),116.2,140.55045898230765,-24.350458982307643
Simple Linear Regression (binder),156.1,145.2105065404315,10.889493459568484
Simple Linear Regression (binder),39.94,34.369904768232324,5.570095231767674
Simple Linear Regression (binder),103.5,128.62621964240245,-25.126219642402447
Simple Linear Regression (binder),75.8,102.72183762812566,-26.921837628125658
Simple Linear Regression (binder),35.23,39.852313660142755,-4.622313660142758
Simple Linear Regression (binder),123.66,125.47383452955395,-1.813834529553958
Simple Linear Regression (binder),153.9,103.98279167326507,49.91720832673494
Simple Linear Regression (binder),53.77,35.16485405755934,18.605145942440664
Simple Linear Regression (binder),26.86,34.46584692384076,-7.605846923840758
Simple Linear Regression (binder),34.9,47.30838975314094,-12.408389753140945
Simple Linear Regression (binder),103.0,128.76327986470022,-25.763279864700223
Simple Linear Regression (binder),61.14,56.12136204688697,5.0186379531130285
Simple Linear Regression (binder),21.29,29.860623454635988,-8.570623454635989
Simple Linear Regression (binder),108.3,124.51441297346963,-16.214412973469635
Simple Linear Regression (binder),52.53,56.12136204688697,-3.591362046886971
Simple Linear Regression (binder),33.69,46.527146486043705,-12.837146486043707
Simple Linear Regression (binder),117.5,102.72183762812566,14.778162371874345
Simple Linear Regression (binder),49.2,53.55833588991884,-4.358335889918834
Simple Linear Regression (binder),38.0,47.51398008658759,-9.513980086587587
Simple Linear Regression (binder),29.22,28.119958631454427,1.1000413685455719
Simple Linear Regression (binder),31.02,20.34864402717139,10.67135597282861
Simple Linear Regression (binder),15.87,28.57225736503704,-12.70225736503704
Simple Linear Regression (binder),130.2,106.64175998584162,23.558240014158372
Simple Linear Regression (binder),96.3,104.09243985110326,-7.792439851103268
Simple Linear Regression (binder),57.23,53.928398490122795,3.3016015098772016
Simple Linear Regression (binder),55.26,32.82112425626762,22.438875743732375
Simple Linear Regression (binder),18.91,21.30806558325571,-2.398065583255711
Simple Linear Regression (binder),9.45,23.98073991806205,-14.53073991806205
Simple Linear Regression (binder),50.53,46.527146486043705,4.002853513956296
Simple Linear Regression (binder),29.93,31.40940396660069,-1.4794039666006888
Simple Linear Regression (binder),124.94,192.15363267741458,-67.21363267741458
Simple Linear Regression (binder),14.54,33.01300856748449,-18.47300856748449
Simple Linear Regression (binder),49.3,56.12136204688697,-6.821362046886975
Simple Linear Regression (binder),28.99,46.80126693063923,-17.81126693063923
Simple Linear Regression (binder),9.99,13.084452245390061,-3.0944522453900607
Simple Linear Regression (binder),9.56,50.474480888219226,-40.914480888219224
Simple Linear Regression (binder),13.4,41.04473759413328,-27.644737594133282
Simple Linear Regression (binder),26.85,21.85630647244676,4.993693527553241
Simple Linear Regression (binder),124.1,134.24568875661066,-10.145688756610667
Simple Linear Regression (binder),161.9,141.3179962271751,20.58200377282492
Simple Linear Regression (binder),28.63,35.56232870222284,-6.9323287022228435
Simple Linear Regression (binder),36.94,49.268350931998924,-12.328350931998926
Simple Linear Regression (binder),46.23,59.13668693743771,-12.906686937437712
Simple Linear Regression (binder),43.7,45.84184537455491,-2.1418453745549044
Simple Linear Regression (binder),17.54,25.282812029890778,-7.7428120298907785
Simple Linear Regression (binder),44.21,31.40940396660069,12.800596033399312
Simple Linear Regression (binder),43.89,46.527146486043705,-2.6371464860437044
Simple Linear Regression (binder),160.6,145.2105065404315,15.389493459568484
Simple Linear Regression (binder),31.35,28.4214911205095,2.9285088794905008
Simple Linear Regression (binder),36.97,31.40940396660069,5.56059603339931
Simple Linear Regression (binder),32.4,40.90767737183552,-8.50767737183552
Simple Linear Regression (binder),24.29,22.747197917382202,1.542802082617797
Simple Linear Regression (binder),92.8,102.72183762812566,-9.921837628125658
Simple Linear Regression (binder),179.0,104.09243985110326,74.90756014889674
Simple Linear Regression (binder),29.23,17.840441959122366,11.389558040877635
Simple Linear Regression (binder),16.28,32.27288336707658,-15.99288336707658
Simple Linear Regression (binder),122.93,90.38641762132718,32.54358237867282
Simple Linear Regression (binder),130.6,141.3179962271751,-10.717996227175092
Simple Linear Regression (binder),83.6,56.12136204688697,27.478637953113022
Simple Linear Regression (binder),77.8,90.38641762132718,-12.586417621327186
Simple Linear Regression (binder),33.19,22.747197917382202,10.442802082617796
Simple Linear Regression (binder),26.91,35.15114803532956,-8.241148035329562
Simple Linear Regression (binder),33.04,47.03426930854542,-13.99426930854542
Simple Linear Regression (binder),147.7,145.89580765192034,1.8041923480796527
Simple Linear Regression (binder),20.0,23.0898484731266,-3.089848473126601
Simple Linear Regression (binder),36.15,22.815728028531083,13.334271971468915
Simple Linear Regression (binder),21.48,46.527146486043705,-25.047146486043705
Simple Linear Regression (binder),40.86,32.82112425626762,8.038875743732376
Simple Linear Regression (binder),12.84,13.084452245390061,-0.24445224539006105
Simple Linear Regression (binder),96.5,101.22788120508005,-4.7278812050800525
Simple Linear Regression (binder),170.5,145.2105065404315,25.28949345956849
Simple Linear Regression (binder),167.7,145.2105065404315,22.48949345956848
Simple Linear Regression (binder),125.0,90.38641762132718,34.61358237867282
Simple Linear Regression (binder),14.14,50.474480888219226,-36.334480888219225
Simple Linear Regression (binder),11.58,24.474156718333994,-12.894156718333994
Simple Linear Regression (binder),115.5,134.24568875661066,-18.74568875661066
Simple Linear Regression (binder),51.06,28.4214911205095,22.6385088794905
Simple Linear Regression (binder),65.91,56.53254271378025,9.377457286219745
Simple Linear Regression (binder),41.37,51.4613144887631,-10.091314488763103
Simple Linear Regression (binder),193.5,161.93185366075835,31.56814633924165
Simple Linear Regression (binder),40.68,44.334182929279535,-3.6541829292795356
Simple Linear Regression (binder),26.14,33.64348559005419,-7.50348559005419
Simple Linear Regression (binder),119.7,102.72183762812566,16.978162371874348
Simple Linear Regression (binder),20.59,17.840441959122366,2.749558040877634
Simple Linear Regression (binder),170.0,104.09243985110326,65.90756014889674
Simple Linear Regression (binder),15.44,29.175322343147183,-13.735322343147184
Simple Linear Regression (binder),25.69,26.26964563043466,-0.5796456304346584
Simple Linear Regression (binder),30.45,35.49379859107397,-5.043798591073969
Simple Linear Regression (binder),109.2,90.38641762132718,18.81358237867282
Simple Linear Regression (binder),67.7,47.51398008658759,20.186019913412416
Simple Linear Regression (binder),32.11,59.959048271224276,-27.849048271224277
Simple Linear Regression (binder),70.3,130.68212297686887,-60.38212297686887
Simple Linear Regression (binder),77.9,90.38641762132718,-12.486417621327178
Simple Linear Regression (binder),31.84,27.20165514205943,4.63834485794057
Simple Linear Regression (binder),34.77,49.40541115429669,-14.635411154296683
Simple Linear Regression (binder),53.1,56.12136204688697,-3.0213620468869706
Simple Linear Regression (binder),42.95,47.34950781983027,-4.399507819830269
Simple Linear Regression (binder),202.2,161.93185366075835,40.26814633924164
Simple Linear Regression (binder),49.77,40.893971349605735,8.876028650394268
Simple Linear Regression (binder),37.27,27.749896031250476,9.520103968749527
Simple Linear Regression (binder),93.8,56.12136204688697,37.678637953113025
Simple Linear Regression (binder),31.03,27.749896031250476,3.2801039687495255
Simple Linear Regression (binder),157.2,128.62621964240245,28.573780357597542
Simple Linear Regression (binder),27.23,43.10064092859969,-15.870640928599688
Simple Linear Regression (binder),53.08,128.7084557757811,-75.62845577578109
Simple Linear Regression (binder),30.12,36.24762981371165,-6.127629813711646
Simple Linear Regression (binder),139.2,145.89580765192034,-6.695807651920347
Simple Linear Regression (binder),39.64,28.119958631454427,11.520041368545574
Simple Linear Regression (binder),78.0,130.68212297686887,-52.68212297686887
Simple Linear Regression (binder),36.1,128.62621964240245,-92.52621964240245
Simple Linear Regression (binder),16.26,26.105173363677345,-9.845173363677343
Simple Linear Regression (binder),54.32,46.527146486043705,7.792853513956295
Simple Linear Regression (binder),45.85,32.82112425626762,13.028875743732378
Simple Linear Regression (binder),154.4,128.76327986470022,25.636720135299782
Simple Linear Regression (binder),50.46,73.93919094559588,-23.47919094559588
Simple Linear Regression (binder),46.39,39.071070393045524,7.318929606954477
Simple Linear Regression (binder),53.0,130.68212297686887,-77.68212297686887
Simple Linear Regression (binder),37.0,56.12136204688697,-19.121362046886972
Simple Linear Regression (binder),53.96,34.27396261262389,19.68603738737611
Simple Linear Regression (binder),39.42,44.60830337387506,-5.188303373875058
Simple Linear Regression (binder),68.75,51.87249515565638,16.87750484434362
Simple Linear Regression (binder),146.5,131.50448431065544,14.995515689344558
Simple Linear Regression (binder),31.27,28.599669409496588,2.6703305905034114
Simple Linear Regression (binder),11.17,11.576789800114696,-0.4067898001146961
Simple Linear Regression (binder),133.3,90.38641762132718,42.91358237867283
Simple Linear Regression (binder),72.3,62.124599783528886,10.175400216471111
Simple Linear Regression (binder),27.68,38.851774037369104,-11.171774037369104
Simple Linear Regression (binder),130.7,128.62621964240245,2.073780357597542
Simple Linear Regression (binder),55.0,73.93919094559588,-18.939190945595882
Simple Linear Regression (binder),20.73,39.18071857088373,-18.450718570883726
Simple Linear Regression (binder),143.0,134.24568875661066,8.754311243389338
Simple Linear Regression (binder),111.5,90.38641762132718,21.113582378672817
Simple Linear Regression (binder),43.0,56.12136204688697,-13.121362046886972
Simple Linear Regression (binder),68.9,130.68212297686887,-61.78212297686886
Simple Linear Regression (binder),23.52,29.942859588014645,-6.422859588014646
Simple Linear Regression (binder),61.86,68.45678205368544,-6.596782053685445
Simple Linear Regression (binder),22.72,23.98073991806205,-1.2607399180620504
Simple Linear Regression (binder),125.56,104.09243985110326,21.467560148896737
Simple Linear Regression (binder),11.98,31.40940396660069,-19.429403966600688
Simple Linear Regression (binder),103.18,128.7084557757811,-25.528455775781083
Simple Linear Regression (binder),71.9,56.12136204688697,15.778637953113034
Simple Linear Regression (binder),39.23,31.98505690025128,7.244943099748717
Simple Linear Regression (binder),12.73,15.00329535755872,-2.2732953575587196
Simple Linear Regression (binder),37.68,29.860623454635988,7.819376545364012
Simple Linear Regression (binder),71.7,65.16733671853919,6.532663281460813
Simple Linear Regression (binder),24.28,20.34864402717139,3.9313559728286123
Simple Linear Regression (binder),60.29,53.55833588991884,6.731664110081162
Simple Linear Regression (binder),56.4,53.55833588991884,2.8416641100811617
Simple Linear Regression (binder),38.0,56.12136204688697,-18.121362046886972
Simple Linear Regression (binder),31.97,32.27288336707658,-0.30288336707658203
Simple Linear Regression (binder),100.2,90.38641762132718,9.81358237867282
Simple Linear Regression (binder),62.9,56.12136204688697,6.7786379531130265
Simple Linear Regression (binder),38.46,39.262954704262384,-0.8029547042623832
Simple Linear Regression (binder),147.3,131.50448431065544,15.795515689344569
Simple Linear Regression (binder),79.3,56.34065840256339,22.959341597436605
Simple Linear Regression (binder),29.59,24.871631362997498,4.718368637002502
Simple Linear Regression (binder),56.62,49.28205695422871,7.33794304577129
Simple Linear Regression (binder),24.85,23.98073991806205,0.8692600819379521
Simple Linear Regression (binder),19.93,26.26964563043466,-6.33964563043466
Simple Linear Regression (binder),108.6,131.50448431065544,-22.904484310655448
Simple Linear Regression (binder),74.17,54.75075982390936,19.41924017609064
Simple Linear Regression (binder),19.74,32.547003811672106,-12.807003811672107
Simple Linear Regression (binder),165.0,143.15460320596512,21.845396794034883
Simple Linear Regression (binder),94.5,124.51441297346963,-30.014412973469632
Simple Linear Regression (binder),33.3,49.268350931998924,-15.968350931998927
Simple Linear Regression (binder),17.82,31.98505690025128,-14.16505690025128
Simple Linear Regression (binder),26.74,22.13042691704228,4.60957308295772
Simple Linear Regression (binder),44.14,28.94231996524099,15.19768003475901
Simple Linear Regression (binder),133.0,104.09243985110326,28.907560148896735
Simple Linear Regression (binder),126.0,90.38641762132718,35.61358237867282
Simple Linear Regression (binder),54.28,46.527146486043705,7.752853513956296
Simple Linear Regression (binder),173.2,145.2105065404315,27.98949345956848
Simple Linear Regression (binder),105.37,106.64175998584162,-1.2717599858416122
Simple Linear Regression (binder),108.3,128.62621964240245,-20.32621964240245
Simple Linear Regression (binder),15.75,37.892352481284775,-22.142352481284775
Simple Linear Regression (binder),24.07,33.16377481201203,-9.093774812012029
Simple Linear Regression (binder),55.9,56.34065840256339,-0.4406584025633933
Simple Linear Regression (binder),51.02,52.00955537795414,-0.9895553779541402
Simple Linear Regression (binder),139.0,104.09243985110326,34.907560148896735
Simple Linear Regression (binder),153.3,104.09243985110326,49.20756014889675
Simple Linear Regression (binder),43.73,41.04473759413328,2.685262405866716
Simple Linear Regression (binder),8.0,23.2680267621137,-15.2680267621137
Simple Linear Regression (binder),82.09,128.7084557757811,-46.61845577578109
Simple Linear Regression (binder),45.0,56.12136204688697,-11.121362046886972
Simple Linear Regression (binder),35.17,27.20165514205943,7.968344857940572
Simple Linear Regression (binder),45.9,49.40541115429669,-3.505411154296688
Simple Linear Regression (binder),37.91,39.12589448196462,-1.2158944819646251
Simple Linear Regression (binder),31.87,36.24762981371165,-4.377629813711646
Simple Linear Regression (binder),71.3,56.34065840256339,14.959341597436605
Simple Linear Regression (binder),25.48,25.885877008000925,-0.40587700800092463
Simple Linear Regression (binder),39.42,44.4712431515773,-5.051243151577296
Simple Linear Regression (binder),113.9,128.69474975355132,-14.794749753551315
Simple Linear Regression (binder),57.9,104.09243985110326,-46.192439851103266
Simple Linear Regression (binder),44.4,23.63808936231765,20.761910637682348
Simple Linear Regression (binder),36.35,44.96465995184924,-8.61465995184924
Simple Linear Regression (binder),11.39,20.34864402717139,-8.958644027171388
Simple Linear Regression (binder),37.17,43.744823973399164,-6.5748239733991625
Simple Linear Regression (binder),16.0,47.34950781983027,-31.349507819830272
Simple Linear Regression (binder),21.5,28.599669409496588,-7.099669409496588
Simple Linear Regression (binder),29.59,24.871631362997498,4.718368637002502
Simple Linear Regression (binder),79.69,101.22788120508005,-21.537881205080055
Simple Linear Regression (binder),77.3,56.34065840256339,20.959341597436605
Simple Linear Regression (binder),99.33,106.64175998584162,-7.3117599858416185
Simple Linear Regression (binder),33.0,29.16161632091741,3.8383836790825896
Simple Linear Regression (binder),37.36,35.43897450215486,1.921025497845136
Simple Linear Regression (binder),33.76,49.268350931998924,-15.508350931998926
Simple Linear Regression (binder),127.4,102.72183762812566,24.67816237187435
Simple Linear Regression (binder),42.64,36.24762981371165,6.392370186288353
Simple Linear Regression (binder),46.08,46.527146486043705,-0.44714648604370666
Simple Linear Regression (binder),18.2,27.22906718651898,-9.02906718651898
Simple Linear Regression (binder),8.06,28.57225736503704,-20.512257365037037
Simple Linear Regression (binder),10.54,25.18686987428235,-14.646869874282352
Simple Linear Regression (binder),15.07,29.25755847652584,-14.18755847652584
Simple Linear Regression (binder),64.4,56.12136204688697,8.278637953113034
Simple Linear Regression (binder),48.32,46.527146486043705,1.7928535139562953
Simple Linear Regression (binder),17.84,26.84529856408525,-9.005298564085251
Simple Linear Regression (binder),29.98,28.7093175873348,1.2706824126651988
Simple Linear Regression (binder),12.18,21.19841740541751,-9.018417405417509
Simple Linear Regression (binder),160.1,145.2105065404315,14.889493459568484
Simple Linear Regression (binder),31.81,39.112188459734845,-7.302188459734847
Simple Linear Regression (binder),108.73,106.64175998584162,2.0882400141583872
Simple Linear Regression (binder),23.08,35.16485405755934,-12.08485405755934
Simple Linear Regression (binder),21.29,29.860623454635988,-8.570623454635989
Simple Linear Regression (binder),73.3,65.16733671853919,8.132663281460808
Simple Linear Regression (binder),51.3,56.12136204688697,-4.821362046886975
Simple Linear Regression (binder),14.6,20.34864402717139,-5.748644027171389
Simple Linear Regression (binder),15.57,26.62600220840884,-11.056002208408838
Simple Linear Regression (binder),77.3,56.34065840256339,20.959341597436605
Simple Linear Regression (binder),21.59,16.236837358238567,5.353162641761433
Simple Linear Regression (binder),30.23,26.26964563043466,3.9603543695653407
Simple Linear Regression (binder),39.42,44.60830337387506,-5.188303373875058
Simple Linear Regression (binder),40.87,48.99423048740341,-8.124230487403409
Simple Linear Regression (binder),52.2,34.27396261262389,17.926037387376113
Simple Linear Regression (binder),69.66,54.75075982390936,14.909240176090634
Simple Linear Regression (binder),54.6,50.474480888219226,4.1255191117807755
Simple Linear Regression (binder),53.1,128.62621964240245,-75.52621964240245
Simple Linear Regression (binder),21.83,56.12136204688697,-34.291362046886974
Simple Linear Regression (binder),148.6,145.2105065404315,3.3894934595684845
Simple Linear Regression (binder),71.3,56.34065840256339,14.959341597436605
Simple Linear Regression (binder),129.79,128.59880759794288,1.191192402057112
Simple Linear Regression (binder),53.52,73.93919094559588,-20.41919094559588
Simple Linear Regression (binder),111.0,117.79846208087935,-6.798462080879347
Simple Linear Regression (binder),47.1,53.476099756540194,-6.376099756540192
Simple Linear Regression (binder),71.3,56.34065840256339,14.959341597436605
Simple Linear Regression (binder),2.33,17.840441959122366,-15.510441959122366
Simple Linear Regression (binder),33.54,25.885877008000925,7.654122991999074
Simple Linear Regression (binder),76.0,143.15460320596512,-67.15460320596512
Simple Linear Regression (binder),36.99,37.57711396999993,-0.5871139699999262
Simple Linear Regression (binder),36.35,44.96465995184924,-8.61465995184924
Simple Linear Regression (binder),149.7,119.0320040815592,30.667995918440795
Simple Linear Regression (binder),44.87,26.859004586315027,18.01099541368497
Simple Linear Regression (binder),42.14,36.850694791821795,5.289305208178206
Simple Linear Regression (binder),31.97,26.37929380827287,5.590706191727129
Simple Linear Regression (binder),35.36,55.98430182458921,-20.62430182458921
Simple Linear Regression (binder),48.28,32.067293033629944,16.212706966370057
Simple Linear Regression (binder),21.91,37.57711396999993,-15.667113969999928
Simple Linear Regression (binder),204.4,115.8247948797916,88.57520512020841
Simple Linear Regression (binder),40.0,56.12136204688697,-16.121362046886972
Simple Linear Regression (binder),13.46,26.790474475166146,-13.330474475166145
Simple Linear Regression (binder),82.6,60.082402471292255,22.51759752870774
Simple Linear Regression (binder),197.9,161.93185366075835,35.968146339241656
Simple Linear Regression (binder),50.66,32.82112425626762,17.838875743732373
Simple Linear Regression (binder),136.34,101.94059436102842,34.39940563897159
Simple Linear Regression (binder),39.16,39.18071857088373,-0.02071857088373008
Simple Linear Regression (binder),59.0,102.72183762812566,-43.721837628125655
Simple Linear Regression (binder),68.49,90.38641762132718,-21.89641762132719
Simple Linear Regression (binder),40.15,33.97243012356881,6.1775698764311855
Simple Linear Regression (binder),37.72,45.84184537455491,-8.121845374554908
Simple Linear Regression (binder),39.61,26.475235963881296,13.134764036118703
Simple Linear Regression (binder),28.63,25.885877008000925,2.744122991999074
Simple Linear Regression (binder),37.4,23.63808936231765,13.761910637682348
Simple Linear Regression (binder),35.85,29.860623454635988,5.9893765453640135
Simple Linear Regression (binder),195.2,148.25324347544182,46.94675652455817
Simple Linear Regression (binder),150.0,104.09243985110326,45.907560148896735
Simple Linear Regression (binder),35.76,23.22690869542437,12.533091304575628
Simple Linear Regression (binder),39.1,56.12136204688697,-17.02136204688697
Simple Linear Regression (binder),33.01,35.16485405755934,-2.1548540575593407
Simple Linear Regression (binder),25.46,15.688596469047518,9.771403530952483
Simple Linear Regression (binder),74.5,60.082402471292255,14.417597528707745
Simple Linear Regression (binder),15.36,28.4214911205095,-13.061491120509501
Simple Linear Regression (binder),57.2,56.12136204688697,1.0786379531130308
Simple Linear Regression (binder),151.8,145.2105065404315,6.5894934595685015
Simple Linear Regression (binder),51.04,32.067293033629944,18.972706966370055
Simple Linear Regression (binder),128.8,90.38641762132718,38.41358237867283
Simple Linear Regression (binder),116.31,186.91793218564013,-70.60793218564012
Simple Linear Regression (binder),22.75,49.40541115429669,-26.655411154296687
Simple Linear Regression (binder),48.4,52.69485648944295,-4.2948564894429495
Simple Linear Regression (binder),69.0,56.12136204688697,12.878637953113028
Simple Linear Regression (binder),49.99,39.18071857088373,10.809281429116275
Simple Linear Regression (binder),46.93,32.82112425626762,14.108875743732376
Simple Linear Regression (binder),114.9,124.51441297346963,-9.614412973469626
Simple Linear Regression (binder),32.11,59.959048271224276,-27.849048271224277
Simple Linear Regression (binder),124.7,152.06351765531957,-27.36351765531957
Simple Linear Regression (binder),27.68,38.78324392622022,-11.103243926220223
Simple Linear Regression (binder),37.33,23.22690869542437,14.103091304575628
Simple Linear Regression (binder),52.83,50.515598954908555,2.3144010450914436
Simple Linear Regression (binder),125.1,134.24568875661066,-9.145688756610667
Simple Linear Regression (binder),122.93,117.79846208087935,5.13153791912066
Simple Linear Regression (binder),50.53,46.527146486043705,4.002853513956296
Simple Linear Regression (binder),74.5,60.082402471292255,14.417597528707745
Simple Linear Regression (binder),24.0,33.09524470086315,-9.095244700863148
Simple Linear Regression (binder),63.14,35.49379859107397,27.646201408926032
Simple Linear Regression (binder),56.83,53.10603715633623,3.72396284366377
Simple Linear Regression (binder),92.48,128.62621964240245,-36.14621964240244
Simple Linear Regression (binder),51.96,37.57711396999993,14.382886030000073
Simple Linear Regression (binder),65.35,101.22788120508005,-35.87788120508006
Simple Linear Regression (binder),38.22,58.02649913682584,-19.806499136825842
Simple Linear Regression (binder),52.3,36.24762981371165,16.05237018628835
Simple Linear Regression (binder),184.4,161.93185366075835,22.468146339241656
Simple Linear Regression (binder),66.78,51.87249515565638,14.90750484434362
Simple Linear Regression (binder),14.7,33.506425367756435,-18.806425367756436
Simple Linear Regression (binder),38.21,32.135823144778826,6.074176855221175
Simple Linear Regression (binder),178.0,104.09243985110326,73.90756014889674
Simple Linear Regression (binder),51.73,32.82112425626762,18.908875743732374
Simple Linear Regression (binder),24.24,31.98505690025128,-7.7450569002512815
Simple Linear Regression (binder),4.83,29.16161632091741,-24.331616320917412
Simple Linear Regression (binder),45.37,28.94231996524099,16.427680034759007
Simple Linear Regression (binder),47.71,35.49379859107397,12.216201408926032
Simple Linear Regression (binder),175.8,103.98279167326507,71.81720832673494
Simple Linear Regression (binder),20.0,16.64801802513184,3.35198197486816
Simple Linear Regression (binder),67.61,104.09243985110326,-36.482439851103265
Simple Linear Regression (binder),25.18,21.30806558325571,3.8719344167442884
Simple Linear Regression (binder),41.05,43.511821595492975,-2.461821595492978
Simple Linear Regression (binder),37.17,43.78594204008849,-6.615942040088491
Simple Linear Regression (binder),74.7,63.865264606710454,10.834735393289549
Simple Linear Regression (binder),13.29,21.993366694744516,-8.703366694744517
Simple Linear Regression (binder),52.82,50.50189293267877,2.318107067321229
Simple Linear Regression (binder),41.54,44.06006248468401,-2.5200624846840114
Simple Linear Regression (binder),17.54,13.358572689985593,4.181427310014406
Simple Linear Regression (binder),33.4,38.98883425966686,-5.588834259666861
Simple Linear Regression (binder),9.45,23.98073991806205,-14.53073991806205
Simple Linear Regression (binder),29.79,15.551536246749762,14.238463753250237
Simple Linear Regression (binder),27.53,22.815728028531083,4.714271971468918
Simple Linear Regression (binder),40.06,41.592978483324316,-1.5329784833243139
Simple Linear Regression (binder),29.23,17.840441959122366,11.389558040877635
Simple Linear Regression (binder),39.7,58.87627251507197,-19.176272515071965
Simple Linear Regression (binder),15.52,36.850694791821795,-21.330694791821795
Simple Linear Regression (binder),15.04,24.062976051440714,-9.022976051440715
Simple Linear Regression (binder),116.5,134.24568875661066,-17.74568875661066
Simple Linear Regression (binder),44.33,50.584129066057436,-6.254129066057438
Simple Linear Regression (binder),31.38,43.05952286191036,-11.67952286191036
Simple Linear Regression (binder),15.34,27.749896031250476,-12.409896031250476
Simple Linear Regression (binder),84.3,90.38641762132718,-6.086417621327186
Simple Linear Regression (binder),53.52,55.02488026850488,-1.504880268504877
Simple Linear Regression (binder),80.2,63.865264606710454,16.33473539328955
Simple Linear Regression (binder),18.03,23.912209806913175,-5.882209806913174
Simple Linear Regression (binder),29.55,39.27666072649217,-9.726660726492167
Simple Linear Regression (binder),45.0,56.12136204688697,-11.121362046886972
Simple Linear Regression (binder),82.8,90.38641762132718,-7.586417621327186
Simple Linear Regression (binder),146.31,106.64175998584162,39.668240014158386
Simple Linear Regression (binder),135.8,146.03286787421808,-10.232867874218073
Simple Linear Regression (binder),15.57,26.653414252868387,-11.083414252868387
Simple Linear Regression (binder),39.0,32.547003811672106,6.452996188327894
Simple Linear Regression (binder),150.82,147.6775905417912,3.142409458208789
Simple Linear Regression (binder),82.0,143.15460320596512,-61.15460320596512
Simple Linear Regression (binder),22.35,20.34864402717139,2.0013559728286126
Simple Linear Regression (binder),7.75,31.98505690025128,-24.23505690025128
Simple Linear Regression (binder),30.44,26.37929380827287,4.060706191727132
Simple Linear Regression (binder),31.18,40.770617149537756,-9.590617149537756
Simple Linear Regression (binder),29.45,24.474156718333994,4.975843281666005
Simple Linear Regression (binder),68.3,62.124599783528886,6.175400216471111
Simple Linear Regression (binder),123.2,128.62621964240245,-5.426219642402444
Simple Linear Regression (binder),75.5,48.78864015395676,26.711359846043237
Simple Linear Regression (binder),25.18,24.871631362997498,0.30836863700250206
Simple Linear Regression (binder),107.1,90.38641762132718,16.71358237867281
Simple Linear Regression (binder),32.76,28.161076698143756,4.598923301856242
Simple Linear Regression (binder),49.19,32.82112425626762,16.368875743732374
Simple Linear Regression (binder),20.92,26.475235963881296,-5.5552359638812945
Simple Linear Regression (binder),144.5,186.32857322975977,-41.82857322975977
Simple Linear Regression (binder),48.15,26.708238341787492,21.441761658212506
Simple Linear Regression (binder),66.78,51.87249515565638,14.90750484434362
Simple Linear Regression (binder),17.57,33.97243012356881,-16.402430123568813
Simple Linear Regression (binder),21.6,28.490021231658382,-6.89002123165838
Simple Linear Regression (binder),57.23,53.928398490122795,3.3016015098772016
Simple Linear Regression (binder),56.63,34.27396261262389,22.356037387376112
Simple Linear Regression (binder),32.96,33.57495547890531,-0.6149554789053084
Simple Linear Regression (binder),65.91,56.53254271378025,9.377457286219745
Simple Linear Regression (binder),14.5,19.252162248789304,-4.752162248789304
Simple Linear Regression (binder),4.57,15.688596469047518,-11.118596469047517
Simple Linear Regression (binder),16.5,36.93293092520045,-20.432930925200452
Simple Linear Regression (binder),102.8,104.09243985110326,-1.2924398511032678
Simple Linear Regression (binder),123.05,180.73651616001112,-57.686516160011124
Simple Linear Regression (binder),58.9,56.12136204688697,2.7786379531130265
Simple Linear Regression (binder),112.22,101.94059436102842,10.279405638971582
Simple Linear Regression (binder),44.3,26.26964563043466,18.030354369565337
Simple Linear Regression (binder),168.0,104.09243985110326,63.907560148896735
Simple Linear Regression (binder),12.0,16.64801802513184,-4.64801802513184
Simple Linear Regression (binder),91.1,103.99649769549482,-12.89649769549483
Simple Linear Regression (binder),34.49,22.815728028531083,11.674271971468919
Simple Linear Regression (binder),41.3,53.55833588991884,-12.25833588991884
Simple Linear Regression (binder),22.9,56.34065840256339,-33.44065840256339
Simple Linear Regression (binder),23.69,35.15114803532956,-11.461148035329561
Simple Linear Regression (binder),56.4,53.55833588991884,2.8416641100811617
Simple Linear Regression (binder),160.0,76.68039539155109,83.31960460844891
Simple Linear Regression (binder),35.08,45.84184537455491,-10.761845374554909
Simple Linear Regression (binder),25.73,25.392460207728988,0.33753979227101283
Simple Linear Regression (binder),39.05,31.99876292248106,7.0512370775189375
Simple Linear Regression (binder),155.0,135.89041142418378,19.10958857581622
Simple Linear Regression (binder),169.0,104.09243985110326,64.90756014889674
Simple Linear Regression (binder),62.05,59.959048271224276,2.090951728775721
Simple Linear Regression (binder),50.85,46.527146486043705,4.3228535139562965
Simple Linear Regression (binder),35.31,48.52822573159102,-13.21822573159102
Simple Linear Regression (binder),35.08,45.84184537455491,-10.761845374554909
Simple Linear Regression (binder),36.3,32.27288336707658,4.027116632923416
Simple Linear Regression (binder),24.58,48.72011004280788,-24.140110042807883
Simple Linear Regression (binder),27.22,28.119958631454427,-0.8999586314544281
Simple Linear Regression (binder),13.62,28.490021231658382,-14.870021231658383
Simple Linear Regression (binder),175.9,131.50448431065544,44.39551568934456
Simple Linear Regression (binder),35.87,36.329865947090305,-0.45986594709030726
Simple Linear Regression (binder),130.3,133.14920697822856,-2.849206978228551
Simple Linear Regression (binder),14.84,21.280653538796166,-6.440653538796166
Simple Linear Regression (binder),52.83,50.515598954908555,2.3144010450914436
Simple Linear Regression (binder),64.5,130.68212297686887,-66.18212297686887
Simple Linear Regression (binder),55.26,32.82112425626762,22.438875743732375
Simple Linear Regression (binder),32.1,20.34864402717139,11.751355972828613
Simple Linear Regression (binder),21.65,21.30806558325571,0.34193441674428726
Simple Linear Regression (binder),68.1,53.55833588991884,14.541664110081157
Simple Linear Regression (binder),55.0,47.34950781983027,7.650492180169728
Simple Linear Regression (binder),45.08,33.725721723432855,11.354278276567143
Simple Linear Regression (binder),60.29,53.55833588991884,6.731664110081162
Simple Linear Regression (binder),65.98,101.22788120508005,-35.24788120508005
Simple Linear Regression (binder),175.9,141.3179962271751,34.58200377282492
Simple Linear Regression (binder),76.8,47.51398008658759,29.28601991341241
Simple Linear Regression (binder),9.69,34.60290714613852,-24.912907146138522
Simple Linear Regression (binder),55.28,56.12136204688697,-0.8413620468869709
Simple Linear Regression (binder),197.6,161.93185366075835,35.668146339241645
Simple Linear Regression (binder),61.11,56.12136204688697,4.988637953113027
Simple Linear Regression (binder),10.54,25.145751807593015,-14.605751807593016
Simple Linear Regression (binder),123.0,134.24568875661066,-11.245688756610662
Simple Linear Regression (binder),73.3,65.16733671853919,8.132663281460808
Simple Linear Regression (binder),50.77,26.831592541855475,23.93840745814453
Simple Linear Regression (binder),35.75,51.87249515565638,-16.12249515565638
Simple Linear Regression (binder),42.7,29.175322343147183,13.52467765685282
Simple Linear Regression (binder),6.0,11.850910244710214,-5.850910244710214
Simple Linear Regression (binder),43.0,56.12136204688697,-13.121362046886972
Simple Linear Regression (binder),18.29,27.09200696422122,-8.80200696422122
Simple Linear Regression (binder),56.14,55.98430182458921,0.1556981754107909
Simple Linear Regression (binder),42.8,59.61639771547987,-16.816397715479873
Simple Linear Regression (binder),36.59,26.37929380827287,10.210706191727134
Simple Linear Regression (binder),39.42,44.4712431515773,-5.051243151577296
Simple Linear Regression (binder),59.59,68.45678205368544,-8.86678205368544
Simple Linear Regression (binder),170.9,145.2105065404315,25.689493459568496
Simple Linear Regression (binder),25.08,13.084452245390061,11.995547754609937
Simple Linear Regression (binder),33.73,33.97243012356881,-0.2424301235688162
Simple Linear Regression (binder),56.14,55.98430182458921,0.1556981754107909
Simple Linear Regression (binder),82.0,143.15460320596512,-61.15460320596512
Simple Linear Regression (binder),97.4,102.72183762812566,-5.32183762812565
Simple Linear Regression (binder),177.0,167.55132277496654,9.448677225033464
Simple Linear Regression (binder),55.45,45.29360448536386,10.156395514636145
Simple Linear Regression (binder),52.5,56.12136204688697,-3.621362046886972
Simple Linear Regression (binder),23.79,27.06459491976167,-3.2745949197616717
Simple Linear Regression (binder),11.65,20.34864402717139,-8.698644027171389
Simple Linear Regression (binder),36.15,22.815728028531083,13.334271971468915
Simple Linear Regression (binder),14.4,23.03502438420751,-8.63502438420751
Simple Linear Regression (binder),24.4,46.527146486043705,-22.127146486043706
Simple Linear Regression (binder),36.44,32.27288336707658,4.167116632923417
Simple Linear Regression (binder),44.03,45.29360448536386,-1.2636044853638566
Simple Linear Regression (binder),60.95,28.860083831862344,32.08991616813766
Simple Linear Regression (binder),42.13,45.84184537455491,-3.7118453745549047
Simple Linear Regression (binder),47.71,35.49379859107397,12.216201408926032
Simple Linear Regression (binder),39.0,26.105173363677345,12.894826636322655
Simple Linear Regression (binder),36.94,35.15114803532956,1.7888519646704353
Simple Linear Regression (binder),119.1,90.38641762132718,28.71358237867281
Simple Linear Regression (binder),40.06,41.592978483324316,-1.5329784833243139
Simple Linear Regression (binder),43.57,37.892352481284775,5.677647518715226
Simple Linear Regression (binder),110.42,126.98149697482933,-16.561496974829325
Simple Linear Regression (binder),43.57,47.21244759753252,-3.6424475975325166
Simple Linear Regression (binder),22.75,49.40541115429669,-26.655411154296687
Simple Linear Regression (binder),56.34,49.40541115429669,6.934588845703317
Simple Linear Regression (binder),46.64,33.97243012356881,12.667569876431187
Simple Linear Regression (binder),28.3,63.865264606710454,-35.56526460671046
Simple Linear Regression (binder),66.42,31.71093645565576,34.70906354434425
Simple Linear Regression (binder),44.3,26.105173363677345,18.194826636322652
Simple Linear Regression (binder),17.58,13.372278712215362,4.207721287784636
Simple Linear Regression (binder),15.82,39.27666072649217,-23.456660726492167
Simple Linear Regression (binder),18.13,28.7093175873348,-10.579317587334803
Simple Linear Regression (binder),64.9,57.93055698121742,6.969443018782584
Simple Linear Regression (binder),45.08,26.90012265300436,18.17987734699564
Simple Linear Regression (binder),9.01,28.57225736503704,-19.56225736503704
Simple Linear Regression (binder),77.01,101.22788120508005,-24.217881205080047
Simple Linear Regression (binder),25.42,62.83731293947725,-37.41731293947725
Simple Linear Regression (binder),120.7,90.38641762132718,30.31358237867282
Simple Linear Regression (binder),23.84,38.30353314817806,-14.463533148178062
Simple Linear Regression (binder),123.4,104.09243985110326,19.30756014889674
Simple Linear Regression (binder),172.5,145.2105065404315,27.28949345956849
Simple Linear Regression (binder),130.3,90.38641762132718,39.91358237867283
Simple Linear Regression (binder),34.15,47.34950781983027,-13.199507819830274
Simple Linear Regression (binder),21.86,47.03426930854542,-25.17426930854542
Simple Linear Regression (binder),24.28,20.34864402717139,3.9313559728286123
Simple Linear Regression (binder),36.45,27.20165514205943,9.248344857940573
Simple Linear Regression (binder),49.97,26.84529856408525,23.124701435914748
Simple Linear Regression (binder),59.76,54.75075982390936,5.0092401760906355
Simple Linear Regression (binder),41.93,45.84184537455491,-3.9118453745549076
Simple Linear Regression (binder),161.6,134.24568875661066,27.354311243389333
Simple Linear Regression (binder),118.7,128.62621964240245,-9.926219642402444
Simple Linear Regression (binder),52.91,32.82112425626762,20.088875743732373
Simple Linear Regression (binder),79.3,56.34065840256339,22.959341597436605
Simple Linear Regression (binder),86.7,56.12136204688697,30.57863795311303
Multiple Linear Regression,37.43,35.86782939560527,1.5621706043947299
Multiple Linear Regression,52.91,23.945917871469838,28.96408212853016
Multiple Linear Regression,6.88,16.343163973736694,-9.463163973736695
Multiple Linear Regression,27.83,22.11125815606372,5.718741843936279
Multiple Linear Regression,42.62,47.34300608512807,-4.72300608512807
Multiple Linear Regression,16.0,10.576148922215651,5.423851077784349
Multiple Linear Regression,100.1,119.68261623512257,-19.582616235122572
Multiple Linear Regression,11.36,12.449945937527751,-1.0899459375277516
Multiple Linear Regression,39.15,39.02654705490707,0.1234529450929287
Multiple Linear Regression,14.7,22.82956002593516,-8.12956002593516
Multiple Linear Regression,44.52,53.761974692125435,-9.241974692125432
Multiple Linear Regression,37.43,35.86782939560527,1.5621706043947299
Multiple Linear Regression,28.1,49.6873592423442,-21.5873592423442
Multiple Linear Regression,114.44,92.47031692011765,21.969683079882344
Multiple Linear Regression,39.49,38.394330249058214,1.0956697509417879
Multiple Linear Regression,168.0,133.7932463115493,34.2067536884507
Multiple Linear Regression,55.32,95.75268236202277,-40.43268236202277
Multiple Linear Regression,15.62,17.569365859743904,-1.9493658597439047
Multiple Linear Regression,139.3,126.2305254904479,13.069474509552109
Multiple Linear Regression,98.3,127.24393707665962,-28.943937076659623
Multiple Linear Regression,31.42,20.392399718570744,11.027600281429258
Multiple Linear Regression,39.45,39.350311570987614,0.09968842901238872
Multiple Linear Regression,19.99,20.093544409441265,-0.10354440944126608
Multiple Linear Regression,10.73,15.940813972395574,-5.210813972395574
Multiple Linear Regression,40.9,61.59916023208488,-20.69916023208488
Multiple Linear Regression,35.76,32.476875521095224,3.2831244789047744
Multiple Linear Regression,39.5,57.194186414257075,-17.694186414257075
Multiple Linear Regression,107.6,136.03908684503878,-28.439086845038787
Multiple Linear Regression,58.4,73.86982000336353,-15.46982000336353
Multiple Linear Regression,29.87,28.174978781461313,1.6950212185386881
Multiple Linear Regression,28.6,54.998707281000044,-26.398707281000043
Multiple Linear Regression,120.6,100.10448572122607,20.495514278773925
Multiple Linear Regression,21.18,22.359400587495585,-1.1794005874955857
Multiple Linear Regression,106.3,101.9244666867922,4.3755333132077965
Multiple Linear Regression,9.13,18.283577884351814,-9.153577884351813
Multiple Linear Regression,130.6,143.2639005781838,-12.663900578183814
Multiple Linear Regression,44.3,77.96947142171064,-33.66947142171064
Multiple Linear Regression,62.5,77.16020206942885,-14.660202069428848
Multiple Linear Regression,53.52,33.91048059516264,19.609519404837364
Multiple Linear Regression,7.0,5.550535034986204,1.4494649650137958
Multiple Linear Regression,46.93,38.19903827191003,8.730961728089973
Multiple Linear Regression,85.1,117.37386351820207,-32.27386351820208
Multiple Linear Regression,21.3,19.444694518198176,1.8553054818018246
Multiple Linear Regression,12.84,9.198764354410422,3.6412356455895782
Multiple Linear Regression,10.39,15.421441292377757,-5.031441292377757
Multiple Linear Regression,19.77,31.58788012466156,-11.81788012466156
Multiple Linear Regression,14.94,30.59391301806448,-15.65391301806448
Multiple Linear Regression,25.18,18.53589028577784,6.644109714222161
Multiple Linear Regression,23.5,37.72740888746084,-14.22740888746084
Multiple Linear Regression,166.7,155.75470282433787,10.94529717566212
Multiple Linear Regression,62.1,112.76168974675666,-50.66168974675666
Multiple Linear Regression,55.16,80.52863046983535,-25.368630469835352
Multiple Linear Regression,162.8,145.44609617705913,17.35390382294088
Multiple Linear Regression,36.84,50.81664628120825,-13.976646281208247
Multiple Linear Regression,50.66,53.24590218889124,-2.5859021888912466
Multiple Linear Regression,18.2,25.66942450036496,-7.469424500364962
Multiple Linear Regression,10.0,7.004470365161794,2.9955296348382063
Multiple Linear Regression,118.0,113.43792836308631,4.562071636913686
Multiple Linear Regression,25.57,17.524117420096736,8.045882579903264
Multiple Linear Regression,38.02,49.09460204307911,-11.074602043079103
Multiple Linear Regression,12.18,15.827651920185772,-3.6476519201857727
Multiple Linear Regression,18.0,10.727821040097496,7.272178959902504
Multiple Linear Regression,21.95,21.905004995416782,0.04499500458321748
Multiple Linear Regression,44.7,82.71032730336402,-38.01032730336402
Multiple Linear Regression,220.2,184.78859614516884,35.41140385483115
Multiple Linear Regression,28.0,31.4182014250767,-3.418201425076699
Multiple Linear Regression,25.45,27.469285214346073,-2.0192852143460733
Multiple Linear Regression,50.08,49.337886923975425,0.7421130760245731
Multiple Linear Regression,15.09,24.16106642168524,-9.071066421685241
Multiple Linear Regression,33.12,31.303962772470555,1.816037227529442
Multiple Linear Regression,9.85,12.787192153864076,-2.9371921538640766
Multiple Linear Regression,178.1,169.38720437852788,8.712795621472111
Multiple Linear Regression,41.68,31.854006211033504,9.825993788966496
Multiple Linear Regression,50.95,38.67528438183464,12.27471561816536
Multiple Linear Regression,52.44,42.32006141200414,10.119938587995861
Multiple Linear Regression,31.42,20.753943433951576,10.666056566048425
Multiple Linear Regression,12.55,25.91968341727248,-13.36968341727248
Multiple Linear Regression,44.21,52.61659946940159,-8.406599469401591
Multiple Linear Regression,60.2,71.30864387949171,-11.108643879491709
Multiple Linear Regression,31.97,23.819470405658755,8.150529594341243
Multiple Linear Regression,40.86,12.7865569898973,28.0734430101027
Multiple Linear Regression,46.64,41.98164234234016,4.658357657659842
Multiple Linear Regression,53.46,39.17840994431734,14.281590055682663
Multiple Linear Regression,37.36,34.82701844530382,2.5329815546961783
Multiple Linear Regression,26.31,30.653398428301287,-4.343398428301288
Multiple Linear Regression,138.3,112.98942472302787,25.310575276972145
Multiple Linear Regression,68.0,59.35678909512171,8.643210904878288
Multiple Linear Regression,159.1,149.56350439054665,9.53649560945334
Multiple Linear Regression,41.1,52.89022706451517,-11.790227064515172
Multiple Linear Regression,71.99,55.39171913718189,16.598280862818108
Multiple Linear Regression,55.55,46.2416855194519,9.308314480548098
Multiple Linear Regression,19.11,21.41237756736706,-2.30237756736706
Multiple Linear Regression,177.2,176.4859375544009,0.7140624455990974
Multiple Linear Regression,144.7,189.65669249325958,-44.956692493259595
Multiple Linear Regression,36.8,32.17596434765781,4.624035652342187
Multiple Linear Regression,35.85,35.9807630507992,-0.13076305079919592
Multiple Linear Regression,66.43,56.92853621054366,9.501463789456345
Multiple Linear Regression,43.0,34.92913633903898,8.070863660961017
Multiple Linear Regression,24.29,14.665129383233563,9.624870616766437
Multiple Linear Regression,67.57,55.334918150454044,12.23508184954595
Multiple Linear Regression,41.54,32.09770628901159,9.442293710988409
Multiple Linear Regression,71.62,67.29415357557517,4.325846424424839
Multiple Linear Regression,79.99,50.57054601568805,29.419453984311943
Multiple Linear Regression,192.2,178.12772664713563,14.072273352864357
Multiple Linear Regression,29.41,22.76086650639163,6.649133493608371
Multiple Linear Regression,20.42,22.65376093218938,-2.2337609321893765
Multiple Linear Regression,122.9,135.44733933973063,-12.547339339730627
Multiple Linear Regression,111.0,117.27574892185103,-6.275748921851033
Multiple Linear Regression,27.63,37.91814665754375,-10.288146657543752
Multiple Linear Regression,38.27,36.060363567589945,2.2096364324100577
Multiple Linear Regression,19.52,28.97724553643062,-9.45724553643062
Multiple Linear Regression,32.63,37.0365267032453,-4.406526703245298
Multiple Linear Regression,49.71,20.437281148718405,29.272718851281596
Multiple Linear Regression,116.2,150.27474030722692,-34.07474030722692
Multiple Linear Regression,156.1,149.91563912403257,6.184360875967428
Multiple Linear Regression,39.94,36.77863938182187,3.1613606181781293
Multiple Linear Regression,103.5,129.7387695305943,-26.23876953059431
Multiple Linear Regression,75.8,85.89478679005926,-10.09478679005926
Multiple Linear Regression,35.23,13.560125301864474,21.669874698135523
Multiple Linear Regression,123.66,135.28204463116634,-11.622044631166347
Multiple Linear Regression,153.9,120.35408910333783,33.54591089666218
Multiple Linear Regression,53.77,37.73096135048142,16.03903864951858
Multiple Linear Regression,26.86,26.247693644161465,0.612306355838534
Multiple Linear Regression,34.9,50.35610874976558,-15.456108749765583
Multiple Linear Regression,103.0,119.83083842053134,-16.830838420531336
Multiple Linear Regression,61.14,48.664802609581784,12.475197390418217
Multiple Linear Regression,21.29,27.11983207746581,-5.8298320774658094
Multiple Linear Regression,108.3,131.93640442576833,-23.636404425768333
Multiple Linear Regression,52.53,41.642932781657215,10.887067218342786
Multiple Linear Regression,33.69,30.31550372554111,3.3744962744588882
Multiple Linear Regression,117.5,106.03071156043836,11.469288439561637
Multiple Linear Regression,49.2,57.15534669284422,-7.955346692844216
Multiple Linear Regression,38.0,52.5426465083266,-14.542646508326598
Multiple Linear Regression,29.22,26.58778632130759,2.632213678692409
Multiple Linear Regression,31.02,26.79749222218342,4.222507777816581
Multiple Linear Regression,15.87,24.492536812474555,-8.622536812474555
Multiple Linear Regression,130.2,127.43801648375106,2.7619835162489323
Multiple Linear Regression,96.3,93.57923835109145,2.7207616489085495
Multiple Linear Regression,57.23,51.067562164175115,6.162437835824882
Multiple Linear Regression,55.26,69.60494910007381,-14.344949100073812
Multiple Linear Regression,18.91,18.211478145205504,0.698521854794496
Multiple Linear Regression,9.45,27.284274520435787,-17.834274520435788
Multiple Linear Regression,50.53,43.76644737586618,6.763552624133823
Multiple Linear Regression,29.93,24.73520606270393,5.194793937296069
Multiple Linear Regression,124.94,154.11196960656952,-29.17196960656952
Multiple Linear Regression,14.54,31.58368282782384,-17.04368282782384
Multiple Linear Regression,49.3,57.862935921678464,-8.562935921678466
Multiple Linear Regression,28.99,30.188092468964367,-1.1980924689643686
Multiple Linear Regression,9.99,8.185076623242267,1.804923376757733
Multiple Linear Regression,9.56,27.67432178964983,-18.11432178964983
Multiple Linear Regression,13.4,24.897325412660607,-11.497325412660606
Multiple Linear Regression,26.85,23.240075756139184,3.6099242438608172
Multiple Linear Regression,124.1,149.82953471681122,-25.72953471681123
Multiple Linear Regression,161.9,168.07703131059827,-6.177031310598267
Multiple Linear Regression,28.63,11.761052618002182,16.868947381997817
Multiple Linear Regression,36.94,37.72866199486654,-0.7886619948665441
Multiple Linear Regression,46.23,42.938943977557,3.2910560224429943
Multiple Linear Regression,43.7,77.87579904509671,-34.17579904509671
Multiple Linear Regression,17.54,21.922412810121244,-4.382412810121245
Multiple Linear Regression,44.21,39.48595905401435,4.724040945985649
Multiple Linear Regression,43.89,34.59303894407148,9.29696105592852
Multiple Linear Regression,160.6,143.97472309651516,16.62527690348483
Multiple Linear Regression,31.35,28.043108954344657,3.3068910456553446
Multiple Linear Regression,36.97,31.7570758906285,5.2129241093714995
Multiple Linear Regression,32.4,28.980026855914705,3.4199731440852936
Multiple Linear Regression,24.29,14.665129383233563,9.624870616766437
Multiple Linear Regression,92.8,95.9919798402093,-3.1919798402092994
Multiple Linear Regression,179.0,143.62194179314466,35.37805820685534
Multiple Linear Regression,29.23,21.541652957124555,7.688347042875446
Multiple Linear Regression,16.28,19.63978598427508,-3.359785984275078
Multiple Linear Regression,122.93,107.46193315007244,15.468066849927567
Multiple Linear Regression,130.6,149.1236033784847,-18.523603378484694
Multiple Linear Regression,83.6,81.1029095798907,2.497090420109288
Multiple Linear Regression,77.8,104.61249189148558,-26.81249189148558
Multiple Linear Regression,33.19,25.030746748265074,8.159253251734924
Multiple Linear Regression,26.91,30.31681765237827,-3.406817652378269
Multiple Linear Regression,33.04,37.44050037719013,-4.400500377190134
Multiple Linear Regression,147.7,130.94140434437736,16.758595655622628
Multiple Linear Regression,20.0,24.90453077459567,-4.9045307745956706
Multiple Linear Regression,36.15,74.55211207182539,-38.40211207182539
Multiple Linear Regression,21.48,29.27763139986737,-7.79763139986737
Multiple Linear Regression,40.86,12.7865569898973,28.0734430101027
Multiple Linear Regression,12.84,9.198764354410422,3.6412356455895782
Multiple Linear Regression,96.5,108.34113132769409,-11.841131327694086
Multiple Linear Regression,170.5,152.12534426881905,18.37465573118095
Multiple Linear Regression,167.7,151.32351962928323,16.376480370716763
Multiple Linear Regression,125.0,109.12655106657994,15.873448933420065
Multiple Linear Regression,14.14,28.26119351448369,-14.12119351448369
Multiple Linear Regression,11.58,18.864303191244645,-7.2843031912446445
Multiple Linear Regression,115.5,143.99865289326277,-28.498652893262772
Multiple Linear Regression,51.06,50.651181988530304,0.4088180114696982
Multiple Linear Regression,65.91,43.57618364174641,22.333816358253586
Multiple Linear Regression,41.37,45.50547060732685,-4.135470607326852
Multiple Linear Regression,193.5,178.12772664713563,15.372273352864369
Multiple Linear Regression,40.68,30.420629821927882,10.259370178072118
Multiple Linear Regression,26.14,27.581267592717424,-1.4412675927174234
Multiple Linear Regression,119.7,109.86853211920308,9.831467880796922
Multiple Linear Regression,20.59,11.17603559209305,9.413964407906949
Multiple Linear Regression,170.0,146.01674934417437,23.98325065582563
Multiple Linear Regression,15.44,25.815502079969356,-10.375502079969356
Multiple Linear Regression,25.69,22.324338163368324,3.365661836631677
Multiple Linear Regression,30.45,40.02208370827833,-9.572083708278331
Multiple Linear Regression,109.2,92.09616205007617,17.10383794992383
Multiple Linear Regression,67.7,56.05358142228888,11.646418577711124
Multiple Linear Regression,32.11,42.16378124125738,-10.053781241257383
Multiple Linear Regression,70.3,113.14750276597664,-42.84750276597664
Multiple Linear Regression,77.9,91.09303778894409,-13.193037788944082
Multiple Linear Regression,31.84,25.914659524756082,5.925340475243917
Multiple Linear Regression,34.77,48.471023155909194,-13.70102315590919
Multiple Linear Regression,53.1,75.08156824300937,-21.98156824300937
Multiple Linear Regression,42.95,38.03071350098986,4.919286499010141
Multiple Linear Regression,202.2,178.12772664713563,24.072273352864357
Multiple Linear Regression,49.77,37.77632420260001,11.993675797399995
Multiple Linear Regression,37.27,40.32585263260745,-3.055852632607447
Multiple Linear Regression,93.8,93.07441945263736,0.7255805473626395
Multiple Linear Regression,31.03,21.832689515649392,9.19731048435061
Multiple Linear Regression,157.2,135.9888146930739,21.211185306926097
Multiple Linear Regression,27.23,27.378835489907797,-0.14883548990779616
Multiple Linear Regression,53.08,109.44006255565006,-56.36006255565006
Multiple Linear Regression,30.12,27.374911140819307,2.7450888591806937
Multiple Linear Regression,139.2,113.37582354281056,25.824176457189424
Multiple Linear Regression,39.64,29.879312173770625,9.760687826229375
Multiple Linear Regression,78.0,115.94507978680821,-37.94507978680821
Multiple Linear Regression,36.1,125.22471035549994,-89.12471035549993
Multiple Linear Regression,16.26,19.456391430592255,-3.1963914305922536
Multiple Linear Regression,54.32,44.47845056859902,9.841549431400978
Multiple Linear Regression,45.85,13.10405439651371,32.74594560348629
Multiple Linear Regression,154.4,128.5311682473775,25.868831752622498
Multiple Linear Regression,50.46,48.2024210334702,2.257578966529799
Multiple Linear Regression,46.39,34.83124032099229,11.558759679007707
Multiple Linear Regression,53.0,115.27633027938683,-62.276330279386826
Multiple Linear Regression,37.0,39.41651037656376,-2.416510376563757
Multiple Linear Regression,53.96,41.57689861882373,12.383101381176267
Multiple Linear Regression,39.42,37.49643063663455,1.923569363365452
Multiple Linear Regression,68.75,55.63900317319392,13.11099682680608
Multiple Linear Regression,146.5,117.01804453800163,29.481955461998368
Multiple Linear Regression,31.27,30.97486929818766,0.29513070181234013
Multiple Linear Regression,11.17,13.099554350922503,-1.929554350922503
Multiple Linear Regression,133.3,105.97271432906996,27.327285670930053
Multiple Linear Regression,72.3,58.90458773839645,13.395412261603546
Multiple Linear Regression,27.68,35.126869485475495,-7.446869485475496
Multiple Linear Regression,130.7,131.91916530461725,-1.2191653046172632
Multiple Linear Regression,55.0,41.14101303433611,13.858986965663888
Multiple Linear Regression,20.73,27.875441909677356,-7.145441909677356
Multiple Linear Regression,143.0,153.34046963077353,-10.340469630773526
Multiple Linear Regression,111.5,90.59034473669244,20.909655263307556
Multiple Linear Regression,43.0,34.27290575911134,8.727094240888661
Multiple Linear Regression,68.9,118.70054691854025,-49.80054691854025
Multiple Linear Regression,23.52,24.836397026610662,-1.3163970266106624
Multiple Linear Regression,61.86,48.87306414261522,12.986935857384779
Multiple Linear Regression,22.72,29.123335665844603,-6.403335665844605
Multiple Linear Regression,125.56,109.77675368188926,15.783246318110741
Multiple Linear Regression,11.98,22.901400029980245,-10.921400029980244
Multiple Linear Regression,103.18,110.44318681678214,-7.263186816782138
Multiple Linear Regression,71.9,82.40695383257125,-10.506953832571241
Multiple Linear Regression,39.23,49.902736447210074,-10.672736447210077
Multiple Linear Regression,12.73,15.423949056589528,-2.6939490565895277
Multiple Linear Regression,37.68,43.33700763243446,-5.657007632434457
Multiple Linear Regression,71.7,59.78264102735928,11.91735897264072
Multiple Linear Regression,24.28,16.67011143928439,7.609888560715611
Multiple Linear Regression,60.29,60.66628160680651,-0.3762816068065078
Multiple Linear Regression,56.4,70.25135000773807,-13.85135000773807
Multiple Linear Regression,38.0,35.57660563657153,2.4233943634284714
Multiple Linear Regression,31.97,23.819470405658755,8.150529594341243
Multiple Linear Regression,100.2,95.44954254162316,4.750457458376843
Multiple Linear Regression,62.9,69.62232977765485,-6.722329777654856
Multiple Linear Regression,38.46,35.839602382961615,2.6203976170383854
Multiple Linear Regression,147.3,109.91714244536888,37.38285755463113
Multiple Linear Regression,79.3,66.4410730196368,12.858926980363194
Multiple Linear Regression,29.59,43.948371567790566,-14.358371567790567
Multiple Linear Regression,56.62,39.01145633907851,17.60854366092149
Multiple Linear Regression,24.85,30.099367838656153,-5.249367838656152
Multiple Linear Regression,19.93,20.48527701795951,-0.5552770179595115
Multiple Linear Regression,108.6,113.50710962403934,-4.90710962403935
Multiple Linear Regression,74.17,89.0486561959091,-14.878656195909102
Multiple Linear Regression,19.74,20.471364636264347,-0.7313646362643489
Multiple Linear Regression,165.0,141.66072935654768,23.339270643452323
Multiple Linear Regression,94.5,123.73300216269735,-29.233002162697346
Multiple Linear Regression,33.3,32.59040529035738,0.7095947096426158
Multiple Linear Regression,17.82,35.524622037650246,-17.704622037650246
Multiple Linear Regression,26.74,42.051106264311535,-15.311106264311537
Multiple Linear Regression,44.14,46.759540420343654,-2.619540420343654
Multiple Linear Regression,133.0,124.53354707212512,8.466452927874883
Multiple Linear Regression,126.0,100.28834351598817,25.711656484011826
Multiple Linear Regression,54.28,44.95865630910299,9.32134369089701
Multiple Linear Regression,173.2,150.12734272900883,23.072657270991158
Multiple Linear Regression,105.37,116.80341723044778,-11.433417230447773
Multiple Linear Regression,108.3,125.64615873509003,-17.34615873509003
Multiple Linear Regression,15.75,20.875493929452993,-5.125493929452993
Multiple Linear Regression,24.07,26.214549667893728,-2.1445496678937275
Multiple Linear Regression,55.9,52.39733336378767,3.502666636212325
Multiple Linear Regression,51.02,46.27913977512692,4.740860224873082
Multiple Linear Regression,139.0,118.3425200695003,20.657479930499704
Multiple Linear Regression,153.3,103.61542063518836,49.684579364811654
Multiple Linear Regression,43.73,29.077009834044276,14.652990165955721
Multiple Linear Regression,8.0,19.148964939072776,-11.148964939072776
Multiple Linear Regression,82.09,109.77443730936075,-27.684437309360746
Multiple Linear Regression,45.0,35.041390191847626,9.958609808152374
Multiple Linear Regression,35.17,30.745466936578435,4.424533063421567
Multiple Linear Regression,45.9,50.56822056004119,-4.668220560041192
Multiple Linear Regression,37.91,37.67809146891447,0.23190853108553
Multiple Linear Regression,31.87,23.845153208572604,8.024846791427397
Multiple Linear Regression,71.3,55.908268277749954,15.391731722250043
Multiple Linear Regression,25.48,21.425359505208654,4.054640494791347
Multiple Linear Regression,39.42,37.17012432875831,2.249875671241689
Multiple Linear Regression,113.9,102.11571430902832,11.784285690971686
Multiple Linear Regression,57.9,90.40103163324783,-32.50103163324783
Multiple Linear Regression,44.4,38.529842405612264,5.870157594387734
Multiple Linear Regression,36.35,41.060138185323545,-4.710138185323544
Multiple Linear Regression,11.39,13.159176525322103,-1.7691765253221021
Multiple Linear Regression,37.17,27.934549607220255,9.235450392779747
Multiple Linear Regression,16.0,23.580606031008337,-7.580606031008337
Multiple Linear Regression,21.5,28.634246022212803,-7.134246022212803
Multiple Linear Regression,29.59,43.948371567790566,-14.358371567790567
Multiple Linear Regression,79.69,101.00294200537681,-21.31294200537681
Multiple Linear Regression,77.3,60.58951482969967,16.71048517030033
Multiple Linear Regression,99.33,119.5769166563657,-20.2469166563657
Multiple Linear Regression,33.0,19.396046131066,13.603953868934
Multiple Linear Regression,37.36,34.5941331925266,2.765866807473401
Multiple Linear Regression,33.76,40.55792269220044,-6.797922692200444
Multiple Linear Regression,127.4,114.28135435627132,13.118645643728684
Multiple Linear Regression,42.64,27.90352394939119,14.736476050608811
Multiple Linear Regression,46.08,34.49518814692478,11.584811853075216
Multiple Linear Regression,18.2,25.66942450036496,-7.469424500364962
Multiple Linear Regression,8.06,23.024433766005195,-14.964433766005195
Multiple Linear Regression,10.54,13.493265761798618,-2.953265761798619
Multiple Linear Regression,15.07,13.455941661285465,1.6140583387145355
Multiple Linear Regression,64.4,72.04133646753974,-7.64133646753973
Multiple Linear Regression,48.32,44.860805511956286,3.459194488043714
Multiple Linear Regression,17.84,28.173760225540065,-10.333760225540065
Multiple Linear Regression,29.98,25.711528727893487,4.268471272106513
Multiple Linear Regression,12.18,23.406881069520175,-11.226881069520175
Multiple Linear Regression,160.1,151.07345627238817,9.026543727611823
Multiple Linear Regression,31.81,32.4329741634733,-0.6229741634732981
Multiple Linear Regression,108.73,123.92708156978877,-15.197081569788764
Multiple Linear Regression,23.08,28.87003037714804,-5.790030377148042
Multiple Linear Regression,21.29,27.11983207746581,-5.8298320774658094
Multiple Linear Regression,73.3,65.63419921729643,7.66580078270357
Multiple Linear Regression,51.3,57.862935921678464,-6.562935921678466
Multiple Linear Regression,14.6,14.013182506134456,0.5868174938655439
Multiple Linear Regression,15.57,25.58560152557724,-10.015601525577239
Multiple Linear Regression,77.3,60.58951482969967,16.71048517030033
Multiple Linear Regression,21.59,20.095836821401384,1.4941631785986154
Multiple Linear Regression,30.23,24.66496143934318,5.56503856065682
Multiple Linear Regression,39.42,37.49643063663455,1.923569363365452
Multiple Linear Regression,40.87,34.62441135840227,6.2455886415977275
Multiple Linear Regression,52.2,36.89565206687402,15.304347933125982
Multiple Linear Regression,69.66,58.954928361946656,10.70507163805334
Multiple Linear Regression,54.6,42.80649530089887,11.793504699101135
Multiple Linear Regression,53.1,112.94687796898711,-59.84687796898711
Multiple Linear Regression,21.83,30.862921566487874,-9.032921566487875
Multiple Linear Regression,148.6,140.95790226425171,7.64209773574828
Multiple Linear Regression,71.3,55.908268277749954,15.391731722250043
Multiple Linear Regression,129.79,122.04385080070672,7.746149199293271
Multiple Linear Regression,53.52,56.96163031383557,-3.4416303138355673
Multiple Linear Regression,111.0,108.28397272493768,2.7160272750623164
Multiple Linear Regression,47.1,55.66745678842143,-8.567456788421431
Multiple Linear Regression,71.3,55.908268277749954,15.391731722250043
Multiple Linear Regression,2.33,6.996351170709374,-4.666351170709374
Multiple Linear Regression,33.54,35.803473914768475,-2.2634739147684755
Multiple Linear Regression,76.0,124.15855846808901,-48.15855846808901
Multiple Linear Regression,36.99,34.3257010365832,2.6642989634168046
Multiple Linear Regression,36.35,41.060138185323545,-4.710138185323544
Multiple Linear Regression,149.7,126.2305254904479,23.469474509552086
Multiple Linear Regression,44.87,27.223785365644584,17.646214634355413
Multiple Linear Regression,42.14,35.85958757767838,6.280412422321618
Multiple Linear Regression,31.97,21.749050281127573,10.220949718872426
Multiple Linear Regression,35.36,48.42585253565772,-13.065852535657719
Multiple Linear Regression,48.28,39.72309778556992,8.556902214430082
Multiple Linear Regression,21.91,32.486639891174384,-10.576639891174384
Multiple Linear Regression,204.4,147.09831916438873,57.30168083561128
Multiple Linear Regression,40.0,36.022201654735014,3.9777983452649863
Multiple Linear Regression,13.46,27.322349817371858,-13.862349817371857
Multiple Linear Regression,82.6,78.688122028972,3.911877971027991
Multiple Linear Regression,197.9,178.12772664713563,19.772273352864374
Multiple Linear Regression,50.66,53.24590218889124,-2.5859021888912466
Multiple Linear Regression,136.34,95.98125183407993,40.358748165920076
Multiple Linear Regression,39.16,32.055126331061025,7.104873668938971
Multiple Linear Regression,59.0,97.41040751169783,-38.41040751169783
Multiple Linear Regression,68.49,103.95099823611017,-35.46099823611017
Multiple Linear Regression,40.15,37.300395790390446,2.849604209609552
Multiple Linear Regression,37.72,31.700834530741073,6.019165469258926
Multiple Linear Regression,39.61,37.96545670253097,1.6445432974690277
Multiple Linear Regression,28.63,28.447229333133215,0.18277066686678367
Multiple Linear Regression,37.4,33.84859585366255,3.551404146337447
Multiple Linear Regression,35.85,35.9807630507992,-0.13076305079919592
Multiple Linear Regression,195.2,176.08826631832267,19.111733681677322
Multiple Linear Regression,150.0,124.0268908825821,25.973109117417906
Multiple Linear Regression,35.76,32.476875521095224,3.2831244789047744
Multiple Linear Regression,39.1,57.194186414257075,-18.094186414257074
Multiple Linear Regression,33.01,30.709091522556857,2.3009084774431408
Multiple Linear Regression,25.46,23.423366119178972,2.0366338808210287
Multiple Linear Regression,74.5,68.15531728708515,6.344682712914846
Multiple Linear Regression,15.36,34.43400643356166,-19.074006433561664
Multiple Linear Regression,57.2,70.37205846907511,-13.172058469075111
Multiple Linear Regression,151.8,141.65919699290646,10.140803007093552
Multiple Linear Regression,51.04,44.40434433751963,6.635655662480367
Multiple Linear Regression,128.8,113.80779761852966,14.99220238147035
Multiple Linear Regression,116.31,119.03336788539461,-2.723367885394609
Multiple Linear Regression,22.75,50.14789677378686,-27.39789677378686
Multiple Linear Regression,48.4,42.312491617380275,6.087508382619724
Multiple Linear Regression,69.0,77.59197466592842,-8.591974665928419
Multiple Linear Regression,49.99,44.092617464646004,5.897382535353998
Multiple Linear Regression,46.93,38.19903827191003,8.730961728089973
Multiple Linear Regression,114.9,131.93640442576833,-17.036404425768325
Multiple Linear Regression,32.11,42.16378124125738,-10.053781241257383
Multiple Linear Regression,124.7,138.91490943187694,-14.214909431876933
Multiple Linear Regression,27.68,35.04843671176266,-7.368436711762662
Multiple Linear Regression,37.33,46.416926203688114,-9.086926203688115
Multiple Linear Regression,52.83,41.46994491043992,11.360055089560078
Multiple Linear Regression,125.1,144.29977047954256,-19.199770479542565
Multiple Linear Regression,122.93,106.33880392868102,16.59119607131899
Multiple Linear Regression,50.53,43.76644737586618,6.763552624133823
Multiple Linear Regression,74.5,68.15531728708515,6.344682712914846
Multiple Linear Regression,24.0,26.185409380665774,-2.1854093806657744
Multiple Linear Regression,63.14,44.201768129662,18.938231870338
Multiple Linear Regression,56.83,44.95183121044701,11.878168789552987
Multiple Linear Regression,92.48,126.74201081213198,-34.262010812131976
Multiple Linear Regression,51.96,41.34757086450777,10.612429135492228
Multiple Linear Regression,65.35,87.46155932179256,-22.11155932179257
Multiple Linear Regression,38.22,52.40235284393623,-14.18235284393623
Multiple Linear Regression,52.3,35.491375832596724,16.808624167403273
Multiple Linear Regression,184.4,178.12772664713563,6.272273352864374
Multiple Linear Regression,66.78,55.63900317319392,11.14099682680608
Multiple Linear Regression,14.7,22.82956002593516,-8.12956002593516
Multiple Linear Regression,38.21,29.211824076727083,8.998175923272917
Multiple Linear Regression,178.0,179.0997935049652,-1.0997935049651915
Multiple Linear Regression,51.73,53.563399595507654,-1.8333995955076574
Multiple Linear Regression,24.24,37.865245313625095,-13.625245313625097
Multiple Linear Regression,4.83,14.752691784956369,-9.922691784956369
Multiple Linear Regression,45.37,54.115785001978914,-8.745785001978916
Multiple Linear Regression,47.71,41.86114485368715,5.84885514631285
Multiple Linear Regression,175.8,123.0013428530224,52.79865714697762
Multiple Linear Regression,20.0,14.08708383617794,5.912916163822061
Multiple Linear Regression,67.61,106.26581876792699,-38.65581876792699
Multiple Linear Regression,25.18,21.722413059167785,3.457586940832215
Multiple Linear Regression,41.05,39.70185908065548,1.348140919344516
Multiple Linear Regression,37.17,27.943793797156836,9.226206202843166
Multiple Linear Regression,74.7,53.6480877488119,21.0519122511881
Multiple Linear Regression,13.29,18.864109806617883,-5.574109806617884
Multiple Linear Regression,52.82,41.212695851950585,11.607304148049415
Multiple Linear Regression,41.54,30.53305186930872,11.006948130691278
Multiple Linear Regression,17.54,15.844608087808467,1.695391912191532
Multiple Linear Regression,33.4,29.369577039536054,4.0304229604639445
Multiple Linear Regression,9.45,27.284274520435787,-17.834274520435788
Multiple Linear Regression,29.79,68.84781137578292,-39.057811375782926
Multiple Linear Regression,27.53,18.209966071573504,9.320033928426497
Multiple Linear Regression,40.06,23.800060576349807,16.259939423650195
Multiple Linear Regression,29.23,21.541652957124555,7.688347042875446
Multiple Linear Regression,39.7,43.74946181811705,-4.049461818117045
Multiple Linear Regression,15.52,30.317478970983956,-14.797478970983956
Multiple Linear Regression,15.04,26.20489862466775,-11.16489862466775
Multiple Linear Regression,116.5,143.1294588415551,-26.629458841555106
Multiple Linear Regression,44.33,39.342103105760856,4.987896894239142
Multiple Linear Regression,31.38,35.09881503862384,-3.718815038623841
Multiple Linear Regression,15.34,31.46492165927407,-16.12492165927407
Multiple Linear Regression,84.3,98.4441229366127,-14.144122936612703
Multiple Linear Regression,53.52,33.91048059516264,19.609519404837364
Multiple Linear Regression,80.2,58.329334300761616,21.870665699238387
Multiple Linear Regression,18.03,21.3830461542548,-3.3530461542547982
Multiple Linear Regression,29.55,33.2966208700902,-3.746620870090201
Multiple Linear Regression,45.0,40.25785218852124,4.742147811478759
Multiple Linear Regression,82.8,95.11516778791247,-12.315167787912472
Multiple Linear Regression,146.31,126.94712484338285,19.36287515661715
Multiple Linear Regression,135.8,135.0948201415083,0.7051798584917037
Multiple Linear Regression,15.57,25.77908053856521,-10.20908053856521
Multiple Linear Regression,39.0,25.208588112580188,13.791411887419812
Multiple Linear Regression,150.82,130.51995055639847,20.300049443601523
Multiple Linear Regression,82.0,107.59074559624446,-25.59074559624446
Multiple Linear Regression,22.35,16.43187485715191,5.9181251428480905
Multiple Linear Regression,7.75,33.685560892241426,-25.935560892241426
Multiple Linear Regression,30.44,20.9728912558109,9.467108744189101
Multiple Linear Regression,31.18,29.68637286116356,1.493627138836441
Multiple Linear Regression,29.45,27.72523416457803,1.7247658354219695
Multiple Linear Regression,68.3,54.22334118644674,14.076658813553259
Multiple Linear Regression,123.2,127.82655450911298,-4.626554509112978
Multiple Linear Regression,75.5,67.60271622778569,7.897283772214308
Multiple Linear Regression,25.18,18.53589028577784,6.644109714222161
Multiple Linear Regression,107.1,101.79429244334635,5.305707556653644
Multiple Linear Regression,32.76,31.956992288689428,0.8030077113105705
Multiple Linear Regression,49.19,23.628420464853427,25.56157953514657
Multiple Linear Regression,20.92,23.587342292971144,-2.667342292971142
Multiple Linear Regression,144.5,196.0059500225911,-51.505950022591094
Multiple Linear Regression,48.15,46.382791636542336,1.7672083634576623
Multiple Linear Regression,66.78,55.63900317319392,11.14099682680608
Multiple Linear Regression,17.57,33.12071136900677,-15.55071136900677
Multiple Linear Regression,21.6,26.482184391684868,-4.882184391684866
Multiple Linear Regression,57.23,51.067562164175115,6.162437835824882
Multiple Linear Regression,56.63,48.933143200459,7.696856799541003
Multiple Linear Regression,32.96,36.240784717612044,-3.2807847176120433
Multiple Linear Regression,65.91,43.57618364174641,22.333816358253586
Multiple Linear Regression,14.5,17.070656525237055,-2.5706565252370552
Multiple Linear Regression,4.57,8.878064332763792,-4.3080643327637915
Multiple Linear Regression,16.5,19.234713153654937,-2.734713153654937
Multiple Linear Regression,102.8,95.754320807803,7.0456791921969995
Multiple Linear Regression,123.05,95.32434135313021,27.72565864686979
Multiple Linear Regression,58.9,78.52911766622218,-19.62911766622218
Multiple Linear Regression,112.22,92.47031692011765,19.749683079882345
Multiple Linear Regression,44.3,36.70245257292816,7.597547427071838
Multiple Linear Regression,168.0,135.2766443122964,32.72335568770359
Multiple Linear Regression,12.0,8.929394259437707,3.070605740562293
Multiple Linear Regression,91.1,119.10195617203283,-28.001956172032834
Multiple Linear Regression,34.49,43.622447353586224,-9.132447353586223
Multiple Linear Regression,41.3,66.0716655863544,-24.771665586354402
Multiple Linear Regression,22.9,52.39733336378767,-29.497333363787675
Multiple Linear Regression,23.69,23.984267359428927,-0.29426735942892535
Multiple Linear Regression,56.4,70.25135000773807,-13.85135000773807
Multiple Linear Regression,160.0,123.49166990136538,36.508330098634616
Multiple Linear Regression,35.08,18.2211540100178,16.8588459899822
Multiple Linear Regression,25.73,19.451748886357862,6.278251113642138
Multiple Linear Regression,39.05,29.989161239936976,9.060838760063021
Multiple Linear Regression,155.0,135.03819119174278,19.961808808257217
Multiple Linear Regression,169.0,130.96988542719316,38.03011457280684
Multiple Linear Regression,62.05,44.8254732884879,17.224526711512098
Multiple Linear Regression,50.85,44.860805511956286,5.989194488043715
Multiple Linear Regression,35.31,29.76563174738876,5.5443682526112426
Multiple Linear Regression,35.08,18.2211540100178,16.8588459899822
Multiple Linear Regression,36.3,28.50071695760847,7.799283042391526
Multiple Linear Regression,24.58,28.615626231712746,-4.035626231712747
Multiple Linear Regression,27.22,25.198065621820916,2.0219343781790826
Multiple Linear Regression,13.62,24.643123246276055,-11.023123246276056
Multiple Linear Regression,175.9,127.38366190303314,48.51633809696686
Multiple Linear Regression,35.87,37.42355061626729,-1.5535506162672945
Multiple Linear Regression,130.3,126.1780124663721,4.121987533627916
Multiple Linear Regression,14.84,18.317689597733924,-3.4776895977339244
Multiple Linear Regression,52.83,41.46994491043992,11.360055089560078
Multiple Linear Regression,64.5,117.145098503544,-52.645098503544006
Multiple Linear Regression,55.26,69.60494910007381,-14.344949100073812
Multiple Linear Regression,32.1,27.035728804315898,5.064271195684103
Multiple Linear Regression,21.65,20.356012156369566,1.2939878436304326
Multiple Linear Regression,68.1,68.73215256057564,-0.6321525605756477
Multiple Linear Regression,55.0,43.52790610463349,11.472093895366513
Multiple Linear Regression,45.08,42.246043955298006,2.833956044701992
Multiple Linear Regression,60.29,60.66628160680651,-0.3762816068065078
Multiple Linear Regression,65.98,97.46571904413636,-31.48571904413636
Multiple Linear Regression,175.9,167.78418172896917,8.115818271030832
Multiple Linear Regression,76.8,66.58638616417574,10.213613835824262
Multiple Linear Regression,9.69,21.47697156760109,-11.78697156760109
Multiple Linear Regression,55.28,37.49094338091448,17.78905661908552
Multiple Linear Regression,197.6,178.12772664713563,19.472273352864363
Multiple Linear Regression,61.11,48.45348628522008,12.65651371477992
Multiple Linear Regression,10.54,13.54570719947489,-3.005707199474891
Multiple Linear Regression,123.0,145.1689645312502,-22.168964531250197
Multiple Linear Regression,73.3,65.63419921729643,7.66580078270357
Multiple Linear Regression,50.77,35.29002646654755,15.479973533452451
Multiple Linear Regression,35.75,47.44682170728193,-11.696821707281927
Multiple Linear Regression,42.7,34.676433053302745,8.023566946697258
Multiple Linear Regression,6.0,6.335720857740405,-0.33572085774040517
Multiple Linear Regression,43.0,44.32962993648367,-1.32962993648367
Multiple Linear Regression,18.29,25.178059235672308,-6.8880592356723085
Multiple Linear Regression,56.14,57.28678350899111,-1.1467835089911063
Multiple Linear Regression,42.8,49.214800379862666,-6.414800379862669
Multiple Linear Regression,36.59,30.88846576015187,5.701534239848133
Multiple Linear Regression,39.42,37.17012432875831,2.249875671241689
Multiple Linear Regression,59.59,50.92293207140162,8.667067928598385
Multiple Linear Regression,170.9,166.43916716949886,4.460832830501147
Multiple Linear Regression,25.08,68.03815753745644,-42.958157537456444
Multiple Linear Regression,33.73,34.95977251441559,-1.2297725144155933
Multiple Linear Regression,56.14,57.28678350899111,-1.1467835089911063
Multiple Linear Regression,82.0,118.91356977142343,-36.913569771423425
Multiple Linear Regression,97.4,98.41353177282991,-1.0135317728299071
Multiple Linear Regression,177.0,200.15131266214456,-23.151312662144562
Multiple Linear Regression,55.45,53.7846770326813,1.6653229673187013
Multiple Linear Regression,52.5,68.53040155357746,-16.030401553577462
Multiple Linear Regression,23.79,25.670242153342976,-1.8802421533429765
Multiple Linear Regression,11.65,13.344432998713067,-1.6944329987130669
Multiple Linear Regression,36.15,74.55211207182539,-38.40211207182539
Multiple Linear Regression,14.4,20.383755554358054,-5.983755554358053
Multiple Linear Regression,24.4,29.933148782183842,-5.533148782183844
Multiple Linear Regression,36.44,20.849528910616137,15.590471089383861
Multiple Linear Regression,44.03,54.28152847501543,-10.251528475015427
Multiple Linear Regression,60.95,53.60010302750504,7.34989697249496
Multiple Linear Regression,42.13,62.38987000210929,-20.259870002109288
Multiple Linear Regression,47.71,41.86114485368715,5.84885514631285
Multiple Linear Regression,39.0,48.37980762656726,-9.379807626567263
Multiple Linear Regression,36.94,30.890855338994875,6.049144661005123
Multiple Linear Regression,119.1,92.93096801266731,26.169031987332687
Multiple Linear Regression,40.06,23.800060576349807,16.259939423650195
Multiple Linear Regression,43.57,34.752046208446785,8.817953791553215
Multiple Linear Regression,110.42,132.97491437541737,-22.55491437541737
Multiple Linear Regression,43.57,33.480889199499764,10.089110800500237
Multiple Linear Regression,22.75,50.14789677378686,-27.39789677378686
Multiple Linear Regression,56.34,59.00882774712025,-2.668827747120247
Multiple Linear Regression,46.64,41.981642342340166,4.658357657659835
Multiple Linear Regression,28.3,49.468403327428234,-21.168403327428233
Multiple Linear Regression,66.42,54.7696771405604,11.650322859439605
Multiple Linear Regression,44.3,77.96947142171064,-33.66947142171064
Multiple Linear Regression,17.58,15.809960445342227,1.770039554657771
Multiple Linear Regression,15.82,31.457559724681385,-15.637559724681385
Multiple Linear Regression,18.13,17.519347261981487,0.610652738018512
Multiple Linear Regression,64.9,65.34836852397154,-0.4483685239715385
Multiple Linear Regression,45.08,37.83817650976401,7.241823490235987
Multiple Linear Regression,9.01,25.161286319895943,-16.151286319895945
Multiple Linear Regression,77.01,104.3113738655466,-27.301373865546594
Multiple Linear Regression,25.42,42.440870377133784,-17.020870377133782
Multiple Linear Regression,120.7,110.27174582448012,10.428254175519882
Multiple Linear Regression,23.84,23.48210313725788,0.35789686274211974
Multiple Linear Regression,123.4,113.65655492567303,9.74344507432697
Multiple Linear Regression,172.5,167.7782640515151,4.7217359484849055
Multiple Linear Regression,130.3,120.63736318951163,9.66263681048838
Multiple Linear Regression,34.15,35.39161406016856,-1.2416140601685584
Multiple Linear Regression,21.86,33.929565463227846,-12.069565463227846
Multiple Linear Regression,24.28,16.670111439284398,7.6098885607156035
Multiple Linear Regression,36.45,45.79233085355965,-9.342330853559645
Multiple Linear Regression,49.97,42.5518746350999,7.418125364900099
Multiple Linear Regression,59.76,46.248687720940296,13.511312279059702
Multiple Linear Regression,41.93,78.27267080336725,-36.34267080336725
Multiple Linear Regression,161.6,158.02171618272322,3.5782838172767697
Multiple Linear Regression,118.7,125.784597806241,-7.084597806240993
Multiple Linear Regression,52.91,69.4462003967656,-16.536200396765608
Multiple Linear Regression,79.3,66.4410730196368,12.858926980363194
Multiple Linear Regression,86.7,81.1029095798907,5.597090420109296
Random Forest Regressor,37.43,36.457666666666796,0.9723333333332036
Random Forest Regressor,52.91,51.90303333333316,1.006966666666834
Random Forest Regressor,6.88,7.272733333333372,-0.39273333333337224
Random Forest Regressor,27.83,27.690766666666654,0.13923333333334398
Random Forest Regressor,42.62,42.46433333333341,0.15566666666659046
Random Forest Regressor,16.0,14.524833333333326,1.4751666666666736
Random Forest Regressor,100.1,93.24933333333337,6.850666666666626
Random Forest Regressor,11.36,11.179166666666674,0.18083333333332519
Random Forest Regressor,39.15,40.08539999999985,-0.9353999999998521
Random Forest Regressor,14.7,15.531966666666664,-0.8319666666666645
Random Forest Regressor,44.52,45.27020000000028,-0.7502000000002766
Random Forest Regressor,37.43,36.457666666666796,0.9723333333332036
Random Forest Regressor,28.1,29.749077777777874,-1.6490777777778725
Random Forest Regressor,114.44,113.16666570105838,1.27333429894162
Random Forest Regressor,39.49,39.85839999999987,-0.36839999999986617
Random Forest Regressor,168.0,166.25133333333338,1.7486666666666224
Random Forest Regressor,55.32,62.94290000000015,-7.6229000000001506
Random Forest Regressor,15.62,15.263599999999949,0.35640000000005045
Random Forest Regressor,139.3,136.29321031746025,3.006789682539761
Random Forest Regressor,98.3,105.99846111111086,-7.698461111110859
Random Forest Regressor,31.42,31.023966666666723,0.3960333333332784
Random Forest Regressor,39.45,39.11779999999999,0.3322000000000145
Random Forest Regressor,19.99,20.654633333333198,-0.6646333333331995
Random Forest Regressor,10.73,11.639700000000014,-0.9097000000000133
Random Forest Regressor,40.9,45.643077777777705,-4.743077777777707
Random Forest Regressor,35.76,35.217000000000105,0.5429999999998927
Random Forest Regressor,39.5,36.725756349206364,2.774243650793636
Random Forest Regressor,107.6,106.89860666666668,0.7013933333333142
Random Forest Regressor,58.4,62.24539841269843,-3.8453984126984295
Random Forest Regressor,29.87,29.819799999999976,0.05020000000002511
Random Forest Regressor,28.6,31.208122222222336,-2.6081222222223346
Random Forest Regressor,120.6,118.9999815873019,1.6000184126980912
Random Forest Regressor,21.18,21.124766666666687,0.05523333333331237
Random Forest Regressor,106.3,113.19153055555576,-6.891530555555761
Random Forest Regressor,9.13,9.942933333333368,-0.8129333333333673
Random Forest Regressor,130.6,135.19476190476192,-4.594761904761924
Random Forest Regressor,44.3,41.73539999999983,2.564600000000169
Random Forest Regressor,62.5,61.862622222222335,0.6373777777776652
Random Forest Regressor,53.52,52.069533333333595,1.4504666666664079
Random Forest Regressor,7.0,9.318200000000012,-2.3182000000000116
Random Forest Regressor,46.93,47.85213333333346,-0.9221333333334627
Random Forest Regressor,85.1,84.69610000000003,0.4038999999999646
Random Forest Regressor,21.3,19.364199999999993,1.9358000000000075
Random Forest Regressor,12.84,18.30486666666672,-5.464866666666719
Random Forest Regressor,10.39,11.402733333333327,-1.0127333333333262
Random Forest Regressor,19.77,20.117833333333397,-0.34783333333339783
Random Forest Regressor,14.94,16.357166666666664,-1.417166666666665
Random Forest Regressor,25.18,24.237633333333353,0.942366666666647
Random Forest Regressor,23.5,24.589111111111162,-1.089111111111162
Random Forest Regressor,166.7,169.92350000000008,-3.2235000000000866
Random Forest Regressor,62.1,65.81686666666671,-3.7168666666667107
Random Forest Regressor,55.16,53.624799999999986,1.5352000000000103
Random Forest Regressor,162.8,156.27183333333352,6.528166666666493
Random Forest Regressor,36.84,39.825866666666705,-2.985866666666702
Random Forest Regressor,50.66,51.89863333333321,-1.2386333333332118
Random Forest Regressor,18.2,27.313333333333286,-9.113333333333287
Random Forest Regressor,10.0,13.709533333333303,-3.7095333333333027
Random Forest Regressor,118.0,119.28859999999965,-1.2885999999996471
Random Forest Regressor,25.57,25.02209999999993,0.5479000000000696
Random Forest Regressor,38.02,43.890146456228955,-5.870146456228952
Random Forest Regressor,12.18,12.620399999999936,-0.4403999999999364
Random Forest Regressor,18.0,14.125800000000009,3.874199999999991
Random Forest Regressor,21.95,22.846766666666607,-0.8967666666666076
Random Forest Regressor,44.7,44.011733333333375,0.6882666666666282
Random Forest Regressor,220.2,210.37436391293903,9.825636087060957
Random Forest Regressor,28.0,19.651899999999994,8.348100000000006
Random Forest Regressor,25.45,26.58396666666662,-1.1339666666666197
Random Forest Regressor,50.08,52.858233333333246,-2.7782333333332474
Random Forest Regressor,15.09,15.148833333333396,-0.058833333333396354
Random Forest Regressor,33.12,34.41700000000003,-1.2970000000000326
Random Forest Regressor,9.85,9.560233333333294,0.28976666666670603
Random Forest Regressor,178.1,175.43966666666674,2.6603333333332557
Random Forest Regressor,41.68,40.809266666666716,0.8707333333332841
Random Forest Regressor,50.95,51.04743333333359,-0.09743333333359061
Random Forest Regressor,52.44,51.30960000000017,1.130399999999831
Random Forest Regressor,31.42,31.091000000000058,0.3289999999999438
Random Forest Regressor,12.55,13.162833333333374,-0.6128333333333735
Random Forest Regressor,44.21,43.331699999999806,0.8783000000001948
Random Forest Regressor,60.2,60.49795555555582,-0.29795555555581643
Random Forest Regressor,31.97,30.153200000000044,1.8167999999999545
Random Forest Regressor,40.86,35.89156666666671,4.968433333333287
Random Forest Regressor,46.64,51.382033333333375,-4.742033333333374
Random Forest Regressor,53.46,53.18043333333306,0.27956666666693764
Random Forest Regressor,37.36,36.1917666666667,1.1682333333332977
Random Forest Regressor,26.31,26.188133333333425,0.12186666666657331
Random Forest Regressor,138.3,137.90336666666647,0.3966333333335399
Random Forest Regressor,68.0,63.70519333333331,4.2948066666666875
Random Forest Regressor,159.1,146.54255555555542,12.55744444444457
Random Forest Regressor,41.1,37.65409661375678,3.4459033862432236
Random Forest Regressor,71.99,70.25813333333348,1.7318666666665194
Random Forest Regressor,55.55,56.348533333333144,-0.7985333333331468
Random Forest Regressor,19.11,19.4801666666666,-0.37016666666660214
Random Forest Regressor,177.2,177.02183333333357,0.17816666666641368
Random Forest Regressor,144.7,146.79693333333353,-2.0969333333335385
Random Forest Regressor,36.8,37.02133333333324,-0.22133333333324146
Random Forest Regressor,35.85,38.52433333333334,-2.674333333333337
Random Forest Regressor,66.43,63.48162222222223,2.948377777777779
Random Forest Regressor,43.0,35.62713333333329,7.3728666666667095
Random Forest Regressor,24.29,22.89536666666674,1.3946333333332603
Random Forest Regressor,67.57,65.9271666666666,1.6428333333333995
Random Forest Regressor,41.54,41.70356666666685,-0.1635666666668527
Random Forest Regressor,71.62,65.34945777777777,6.2705422222222325
Random Forest Regressor,79.99,73.92050000000009,6.0694999999999055
Random Forest Regressor,192.2,189.97602159989214,2.2239784001078533
Random Forest Regressor,29.41,28.645099999999967,0.7649000000000328
Random Forest Regressor,20.42,18.83343333333337,1.5865666666666307
Random Forest Regressor,122.9,131.75640846560864,-8.856408465608638
Random Forest Regressor,111.0,118.89106666666662,-7.891066666666617
Random Forest Regressor,27.63,27.415566666666667,0.21443333333333214
Random Forest Regressor,38.27,38.86663055555569,-0.5966305555556843
Random Forest Regressor,19.52,17.27156666666672,2.2484333333332813
Random Forest Regressor,32.63,34.51423333333329,-1.8842333333332846
Random Forest Regressor,49.71,53.51465000000015,-3.8046500000001515
Random Forest Regressor,116.2,111.60831111111156,4.5916888888884415
Random Forest Regressor,156.1,158.43150000000006,-2.3315000000000623
Random Forest Regressor,39.94,38.08839999999992,1.8516000000000759
Random Forest Regressor,103.5,110.47720952380946,-6.977209523809464
Random Forest Regressor,75.8,89.66336666666695,-13.863366666666948
Random Forest Regressor,35.23,34.81889999999974,0.4111000000002534
Random Forest Regressor,123.66,118.24160634920639,5.418393650793604
Random Forest Regressor,153.9,158.3835203703705,-4.483520370370485
Random Forest Regressor,53.77,53.036133333333495,0.7338666666665077
Random Forest Regressor,26.86,27.242299999999872,-0.38229999999987285
Random Forest Regressor,34.9,38.557811111111015,-3.657811111111016
Random Forest Regressor,103.0,113.38491888888872,-10.38491888888872
Random Forest Regressor,61.14,62.67396666666671,-1.5339666666667071
Random Forest Regressor,21.29,15.986633333333318,5.303366666666681
Random Forest Regressor,108.3,119.7172253968258,-11.417225396825799
Random Forest Regressor,52.53,44.66952222222211,7.860477777777888
Random Forest Regressor,33.69,31.72596000000011,1.964039999999887
Random Forest Regressor,117.5,118.87782222222192,-1.3778222222219227
Random Forest Regressor,49.2,49.192333333333586,0.007666666666416688
Random Forest Regressor,38.0,36.94205539682536,1.05794460317464
Random Forest Regressor,29.22,29.29890000000003,-0.07890000000003283
Random Forest Regressor,31.02,31.49636666666677,-0.4763666666667703
Random Forest Regressor,15.87,15.160066666666658,0.7099333333333409
Random Forest Regressor,130.2,133.33409999999975,-3.134099999999762
Random Forest Regressor,96.3,108.87936666666675,-12.579366666666758
Random Forest Regressor,57.23,58.12683018518515,-0.8968301851851521
Random Forest Regressor,55.26,54.9386999999998,0.32130000000019976
Random Forest Regressor,18.91,17.346466666666633,1.5635333333333676
Random Forest Regressor,9.45,14.14066666666667,-4.6906666666666705
Random Forest Regressor,50.53,52.31056666666666,-1.7805666666666582
Random Forest Regressor,29.93,27.923966666666765,2.006033333333235
Random Forest Regressor,124.94,110.76706666666641,14.172933333333589
Random Forest Regressor,14.54,13.86456666666662,0.6754333333333786
Random Forest Regressor,49.3,45.796499999999895,3.503500000000102
Random Forest Regressor,28.99,29.163933333333176,-0.17393333333317784
Random Forest Regressor,9.99,9.935966666666621,0.05403333333337912
Random Forest Regressor,9.56,11.784933333333298,-2.224933333333297
Random Forest Regressor,13.4,16.23979999999999,-2.839799999999988
Random Forest Regressor,26.85,26.059100000000118,0.7908999999998834
Random Forest Regressor,124.1,113.69728888888899,10.402711111111003
Random Forest Regressor,161.9,167.97229999999925,-6.072299999999245
Random Forest Regressor,28.63,29.091866666666707,-0.46186666666670817
Random Forest Regressor,36.94,37.49043333333333,-0.5504333333333307
Random Forest Regressor,46.23,46.146716666666386,0.08328333333361115
Random Forest Regressor,43.7,42.667733333333395,1.032266666666608
Random Forest Regressor,17.54,16.74749999999998,0.7925000000000182
Random Forest Regressor,44.21,43.77666666666648,0.43333333333352186
Random Forest Regressor,43.89,43.884766666666614,0.00523333333338627
Random Forest Regressor,160.6,155.66310000000027,4.936899999999724
Random Forest Regressor,31.35,33.177366666666785,-1.8273666666667836
Random Forest Regressor,36.97,37.303999999999924,-0.333999999999925
Random Forest Regressor,32.4,32.95166666666649,-0.5516666666664918
Random Forest Regressor,24.29,22.89536666666674,1.3946333333332603
Random Forest Regressor,92.8,93.40806666666691,-0.6080666666669146
Random Forest Regressor,179.0,173.67,5.3300000000000125
Random Forest Regressor,29.23,31.426333333333385,-2.196333333333385
Random Forest Regressor,16.28,16.27506666666669,0.004933333333312362
Random Forest Regressor,122.93,128.36674444444435,-5.436744444444344
Random Forest Regressor,130.6,144.78640277777745,-14.18640277777746
Random Forest Regressor,83.6,85.11255873015874,-1.5125587301587444
Random Forest Regressor,77.8,71.09228888888887,6.707711111111124
Random Forest Regressor,33.19,32.68353333333332,0.5064666666666753
Random Forest Regressor,26.91,28.808933333333275,-1.8989333333332752
Random Forest Regressor,33.04,36.36793333333344,-3.3279333333334407
Random Forest Regressor,147.7,140.1652666666671,7.534733333332895
Random Forest Regressor,20.0,19.288233333333316,0.7117666666666835
Random Forest Regressor,36.15,34.70129999999993,1.4487000000000663
Random Forest Regressor,21.48,19.466399999999904,2.013600000000096
Random Forest Regressor,40.86,35.89156666666671,4.968433333333287
Random Forest Regressor,12.84,18.30486666666672,-5.464866666666719
Random Forest Regressor,96.5,97.78830111111137,-1.288301111111366
Random Forest Regressor,170.5,168.90166666666718,1.5983333333328176
Random Forest Regressor,167.7,168.19666666666708,-0.496666666667096
Random Forest Regressor,125.0,123.45269999999996,1.5473000000000354
Random Forest Regressor,14.14,16.31556666666668,-2.175566666666679
Random Forest Regressor,11.58,10.963466666666642,0.6165333333333578
Random Forest Regressor,115.5,114.77775555555566,0.7222444444443425
Random Forest Regressor,51.06,49.302133333333245,1.7578666666667573
Random Forest Regressor,65.91,64.87213333333322,1.0378666666667726
Random Forest Regressor,41.37,42.62633333333356,-1.256333333333565
Random Forest Regressor,193.5,189.97602159989214,3.5239784001078647
Random Forest Regressor,40.68,39.82096666666673,0.8590333333332723
Random Forest Regressor,26.14,26.301366666666706,-0.16136666666670507
Random Forest Regressor,119.7,119.90752222222208,-0.2075222222220816
Random Forest Regressor,20.59,20.166300000000053,0.4236999999999469
Random Forest Regressor,170.0,171.41333333333333,-1.413333333333327
Random Forest Regressor,15.44,14.605066666666662,0.8349333333333373
Random Forest Regressor,25.69,25.48766666666655,0.20233333333345271
Random Forest Regressor,30.45,27.053173333333277,3.3968266666667226
Random Forest Regressor,109.2,105.86312222222246,3.336877777777545
Random Forest Regressor,67.7,66.7096333333336,0.9903666666664037
Random Forest Regressor,32.11,30.298914563492193,1.8110854365078062
Random Forest Regressor,70.3,81.0835666666666,-10.783566666666601
Random Forest Regressor,77.9,76.17522222222216,1.7247777777778452
Random Forest Regressor,31.84,31.861000000000004,-0.02100000000000435
Random Forest Regressor,34.77,31.57899682539703,3.1910031746029723
Random Forest Regressor,53.1,61.34035555555536,-8.240355555555361
Random Forest Regressor,42.95,38.650398412698515,4.299601587301488
Random Forest Regressor,202.2,189.97602159989214,12.223978400107853
Random Forest Regressor,49.77,49.23070000000028,0.5392999999997201
Random Forest Regressor,37.27,39.78113333333351,-2.511133333333504
Random Forest Regressor,93.8,90.28109999999997,3.5189000000000306
Random Forest Regressor,31.03,29.964566666666613,1.065433333333388
Random Forest Regressor,157.2,146.41479814814812,10.785201851851866
Random Forest Regressor,27.23,29.186033333333203,-1.9560333333332025
Random Forest Regressor,53.08,51.92693333333329,1.1530666666667102
Random Forest Regressor,30.12,30.445666666666657,-0.3256666666666561
Random Forest Regressor,139.2,139.33796944444433,-0.13796944444433734
Random Forest Regressor,39.64,39.028633333333296,0.6113666666667044
Random Forest Regressor,78.0,82.08533333333325,-4.085333333333253
Random Forest Regressor,36.1,41.34818888888902,-5.248188888889018
Random Forest Regressor,16.26,16.620766666666746,-0.36076666666674484
Random Forest Regressor,54.32,53.69189999999993,0.6281000000000674
Random Forest Regressor,45.85,43.73016666666677,2.119833333333233
Random Forest Regressor,154.4,145.84834240740744,8.551657592592562
Random Forest Regressor,50.46,52.55826666666641,-2.0982666666664116
Random Forest Regressor,46.39,43.424199999999956,2.965800000000044
Random Forest Regressor,53.0,57.66973333333351,-4.669733333333511
Random Forest Regressor,37.0,45.78466111111109,-8.784661111111092
Random Forest Regressor,53.96,53.97289999999969,-0.012899999999689271
Random Forest Regressor,39.42,47.26300000000014,-7.8430000000001385
Random Forest Regressor,68.75,66.09384404761907,2.656155952380928
Random Forest Regressor,146.5,135.9174861111111,10.582513888888911
Random Forest Regressor,31.27,30.448200000000135,0.8217999999998646
Random Forest Regressor,11.17,10.941100000000029,0.22889999999997102
Random Forest Regressor,133.3,130.7427460317462,2.5572539682538036
Random Forest Regressor,72.3,71.88256666666634,0.41743333333366195
Random Forest Regressor,27.68,28.980333333333427,-1.3003333333334268
Random Forest Regressor,130.7,126.23058888888876,4.469411111111228
Random Forest Regressor,55.0,56.06736888888883,-1.0673688888888293
Random Forest Regressor,20.73,18.89873333333324,1.8312666666667603
Random Forest Regressor,143.0,138.75063809523854,4.249361904761457
Random Forest Regressor,111.5,118.05382222222198,-6.5538222222219815
Random Forest Regressor,43.0,46.059461111111084,-3.0594611111110837
Random Forest Regressor,68.9,69.24556666666672,-0.34556666666671276
Random Forest Regressor,23.52,24.31260000000015,-0.7926000000001494
Random Forest Regressor,61.86,61.218166666666825,0.6418333333331745
Random Forest Regressor,22.72,22.50250000000005,0.21749999999994785
Random Forest Regressor,125.56,121.92193333333327,3.638066666666731
Random Forest Regressor,11.98,13.483166666666646,-1.5031666666666457
Random Forest Regressor,103.18,101.33996666666677,1.8400333333332384
Random Forest Regressor,71.9,73.56792777777764,-1.667927777777635
Random Forest Regressor,39.23,37.74146666666657,1.4885333333334287
Random Forest Regressor,12.73,12.785800000000009,-0.05580000000000851
Random Forest Regressor,37.68,40.81646666666677,-3.13646666666677
Random Forest Regressor,71.7,70.88923333333359,0.8107666666664102
Random Forest Regressor,24.28,23.29210000000006,0.9878999999999394
Random Forest Regressor,60.29,60.29246666666712,-0.0024666666671180337
Random Forest Regressor,56.4,60.500766666666735,-4.100766666666736
Random Forest Regressor,38.0,41.04540666666656,-3.0454066666665582
Random Forest Regressor,31.97,30.153200000000044,1.8167999999999545
Random Forest Regressor,100.2,100.38033333333343,-0.18033333333342227
Random Forest Regressor,62.9,69.98084444444444,-7.080844444444445
Random Forest Regressor,38.46,39.82566666666646,-1.3656666666664563
Random Forest Regressor,147.3,133.4166333333333,13.883366666666717
Random Forest Regressor,79.3,79.28666666666624,0.013333333333761743
Random Forest Regressor,29.59,34.17733333333328,-4.58733333333328
Random Forest Regressor,56.62,56.58423333333359,0.03576666666640449
Random Forest Regressor,24.85,25.300966666666753,-0.45096666666675134
Random Forest Regressor,19.93,17.152899999999992,2.777100000000008
Random Forest Regressor,108.6,95.4924800000002,13.107519999999795
Random Forest Regressor,74.17,72.99643333333312,1.1735666666668862
Random Forest Regressor,19.74,15.66699999999998,4.073000000000018
Random Forest Regressor,165.0,166.36388333333335,-1.363883333333348
Random Forest Regressor,94.5,88.67329999999986,5.8267000000001445
Random Forest Regressor,33.3,32.899800000000006,0.400199999999991
Random Forest Regressor,17.82,20.06059999999997,-2.2405999999999686
Random Forest Regressor,26.74,29.300899999999867,-2.5608999999998687
Random Forest Regressor,44.14,45.04559999999993,-0.9055999999999287
Random Forest Regressor,133.0,142.88,-9.879999999999995
Random Forest Regressor,126.0,124.55427579365116,1.4457242063488422
Random Forest Regressor,54.28,53.711200000000154,0.5687999999998468
Random Forest Regressor,173.2,173.84806666666665,-0.648066666666665
Random Forest Regressor,105.37,108.60211956349217,-3.2321195634921622
Random Forest Regressor,108.3,112.22211341269838,-3.92211341269838
Random Forest Regressor,15.75,14.38043333333333,1.3695666666666693
Random Forest Regressor,24.07,23.942899999999952,0.1271000000000484
Random Forest Regressor,55.9,49.822904761904574,6.077095238095424
Random Forest Regressor,51.02,53.490300000000246,-2.4703000000002433
Random Forest Regressor,139.0,157.86333333333334,-18.863333333333344
Random Forest Regressor,153.3,148.883747222222,4.4162527777779985
Random Forest Regressor,43.73,42.207166666666495,1.5228333333335016
Random Forest Regressor,8.0,9.408266666666671,-1.4082666666666714
Random Forest Regressor,82.09,84.82673333333345,-2.736733333333447
Random Forest Regressor,45.0,42.395166666666704,2.6048333333332963
Random Forest Regressor,35.17,35.41486666666671,-0.24486666666670942
Random Forest Regressor,45.9,43.05726666666657,2.8427333333334275
Random Forest Regressor,37.91,37.71886666666662,0.1911333333333758
Random Forest Regressor,31.87,31.796200000000002,0.07379999999999853
Random Forest Regressor,71.3,71.2999999999996,3.979039320256561e-13
Random Forest Regressor,25.48,22.727533333333266,2.7524666666667343
Random Forest Regressor,39.42,47.47266666666682,-8.052666666666816
Random Forest Regressor,113.9,113.69703222222199,0.20296777777801367
Random Forest Regressor,57.9,57.83643333333336,0.06356666666663813
Random Forest Regressor,44.4,43.910733333333134,0.4892666666668646
Random Forest Regressor,36.35,36.39333333333351,-0.043333333333507085
Random Forest Regressor,11.39,10.898266666666647,0.4917333333333538
Random Forest Regressor,37.17,36.807866666666705,0.362133333333297
Random Forest Regressor,16.0,24.246038518518535,-8.246038518518535
Random Forest Regressor,21.5,22.81656666666671,-1.3165666666667093
Random Forest Regressor,29.59,34.17733333333328,-4.58733333333328
Random Forest Regressor,79.69,78.54269999999975,1.147300000000243
Random Forest Regressor,77.3,77.28999999999958,0.01000000000041723
Random Forest Regressor,99.33,102.0197111111108,-2.689711111110796
Random Forest Regressor,33.0,30.991299999999992,2.008700000000008
Random Forest Regressor,37.36,35.99780000000003,1.3621999999999659
Random Forest Regressor,33.76,33.726500000000144,0.033499999999854424
Random Forest Regressor,127.4,122.43554761904718,4.964452380952821
Random Forest Regressor,42.64,42.04233333333324,0.5976666666667612
Random Forest Regressor,46.08,50.57820476190501,-4.498204761905015
Random Forest Regressor,18.2,27.313333333333286,-9.113333333333287
Random Forest Regressor,8.06,8.362433333333314,-0.30243333333331357
Random Forest Regressor,10.54,10.57999999999997,-0.039999999999970726
Random Forest Regressor,15.07,15.024700000000033,0.045299999999967255
Random Forest Regressor,64.4,66.32913333333357,-1.9291333333335672
Random Forest Regressor,48.32,53.79829999999991,-5.478299999999912
Random Forest Regressor,17.84,22.40593333333341,-4.565933333333412
Random Forest Regressor,29.98,30.54103333333323,-0.5610333333332278
Random Forest Regressor,12.18,12.500133333333281,-0.3201333333332812
Random Forest Regressor,160.1,156.1922666666664,3.9077333333335957
Random Forest Regressor,31.81,32.37120000000007,-0.5612000000000741
Random Forest Regressor,108.73,108.81998888888887,-0.08998888888886825
Random Forest Regressor,23.08,20.896533333333288,2.1834666666667104
Random Forest Regressor,21.29,15.986633333333318,5.303366666666681
Random Forest Regressor,73.3,71.73105555555571,1.5689444444442842
Random Forest Regressor,51.3,45.796499999999895,5.503500000000102
Random Forest Regressor,14.6,15.51789999999999,-0.9178999999999906
Random Forest Regressor,15.57,15.51410000000003,0.05589999999997097
Random Forest Regressor,77.3,77.28999999999958,0.01000000000041723
Random Forest Regressor,21.59,21.89819999999999,-0.3081999999999887
Random Forest Regressor,30.23,28.85159999999989,1.3784000000001093
Random Forest Regressor,39.42,47.26300000000014,-7.8430000000001385
Random Forest Regressor,40.87,41.900366666666876,-1.030366666666879
Random Forest Regressor,52.2,49.231233333333485,2.968766666666518
Random Forest Regressor,69.66,69.17783333333328,0.48216666666671415
Random Forest Regressor,54.6,53.57096666666685,1.0290333333331532
Random Forest Regressor,53.1,51.47863333333342,1.6213666666665816
Random Forest Regressor,21.83,24.36643333333331,-2.53643333333331
Random Forest Regressor,148.6,149.27756666666616,-0.6775666666661664
Random Forest Regressor,71.3,71.2999999999996,3.979039320256561e-13
Random Forest Regressor,129.79,114.02373333333378,15.766266666666212
Random Forest Regressor,53.52,56.611099999999894,-3.0910999999998907
Random Forest Regressor,111.0,74.53109999999992,36.468900000000076
Random Forest Regressor,47.1,45.78784722222238,1.3121527777776194
Random Forest Regressor,71.3,71.2999999999996,3.979039320256561e-13
Random Forest Regressor,2.33,3.4211000000000125,-1.0911000000000124
Random Forest Regressor,33.54,34.96860000000006,-1.4286000000000598
Random Forest Regressor,76.0,84.78996666666666,-8.789966666666658
Random Forest Regressor,36.99,38.10183333333326,-1.1118333333332586
Random Forest Regressor,36.35,36.39333333333351,-0.043333333333507085
Random Forest Regressor,149.7,136.29321031746025,13.406789682539738
Random Forest Regressor,44.87,44.04833333333352,0.8216666666664807
Random Forest Regressor,42.14,41.714466666666546,0.4255333333334548
Random Forest Regressor,31.97,31.474533333333298,0.4954666666667009
Random Forest Regressor,35.36,26.408700450937978,8.951299549062021
Random Forest Regressor,48.28,46.16646666666679,2.1135333333332085
Random Forest Regressor,21.91,21.80513333333328,0.10486666666671951
Random Forest Regressor,204.4,184.54688595848586,19.853114041514146
Random Forest Regressor,40.0,39.19056666666661,0.8094333333333878
Random Forest Regressor,13.46,14.004100000000031,-0.5441000000000304
Random Forest Regressor,82.6,80.33666111111097,2.263338888889024
Random Forest Regressor,197.9,189.97602159989214,7.92397840010787
Random Forest Regressor,50.66,51.89863333333321,-1.2386333333332118
Random Forest Regressor,136.34,130.72390753736187,5.616092462638136
Random Forest Regressor,39.16,38.01526666666659,1.1447333333334058
Random Forest Regressor,59.0,71.84478888888917,-12.84478888888917
Random Forest Regressor,68.49,62.43476666666684,6.055233333333156
Random Forest Regressor,40.15,42.67649999999987,-2.5264999999998707
Random Forest Regressor,37.72,38.56629999999998,-0.8462999999999781
Random Forest Regressor,39.61,39.35900000000008,0.2509999999999195
Random Forest Regressor,28.63,30.543600000000012,-1.913600000000013
Random Forest Regressor,37.4,34.56633333333319,2.833666666666808
Random Forest Regressor,35.85,38.52433333333334,-2.674333333333337
Random Forest Regressor,195.2,201.13383015873015,-5.93383015873016
Random Forest Regressor,150.0,166.54993333333334,-16.549933333333342
Random Forest Regressor,35.76,35.217000000000105,0.5429999999998927
Random Forest Regressor,39.1,36.725756349206364,2.3742436507936375
Random Forest Regressor,33.01,32.55793333333343,0.4520666666665676
Random Forest Regressor,25.46,25.648266666666657,-0.1882666666666566
Random Forest Regressor,74.5,72.47501666666659,2.0249833333334095
Random Forest Regressor,15.36,16.01113333333332,-0.6511333333333198
Random Forest Regressor,57.2,57.52581111111134,-0.3258111111113351
Random Forest Regressor,151.8,152.56033333333343,-0.7603333333334206
Random Forest Regressor,51.04,51.1203333333336,-0.08033333333359849
Random Forest Regressor,128.8,128.49688888888895,0.3031111111110647
Random Forest Regressor,116.31,97.13596666666656,19.17403333333344
Random Forest Regressor,22.75,26.397444444444602,-3.647444444444602
Random Forest Regressor,48.4,46.338666666666555,2.061333333333444
Random Forest Regressor,69.0,73.37436666666666,-4.37436666666666
Random Forest Regressor,49.99,50.542799999999886,-0.552799999999884
Random Forest Regressor,46.93,47.85213333333346,-0.9221333333334627
Random Forest Regressor,114.9,119.7172253968258,-4.8172253968257905
Random Forest Regressor,32.11,30.298914563492193,1.8110854365078062
Random Forest Regressor,124.7,150.27674983237563,-25.576749832375626
Random Forest Regressor,27.68,28.670033333333432,-0.9900333333334324
Random Forest Regressor,37.33,37.347433333333306,-0.0174333333333081
Random Forest Regressor,52.83,51.197799999999866,1.6322000000001324
Random Forest Regressor,125.1,126.76943333333341,-1.6694333333334157
Random Forest Regressor,122.93,127.99667777777735,-5.066677777777343
Random Forest Regressor,50.53,52.31056666666666,-1.7805666666666582
Random Forest Regressor,74.5,72.47501666666659,2.0249833333334095
Random Forest Regressor,24.0,23.87156666666665,0.12843333333335138
Random Forest Regressor,63.14,58.28666666666651,4.853333333333488
Random Forest Regressor,56.83,56.20728888888892,0.6227111111110801
Random Forest Regressor,92.48,92.84013333333354,-0.36013333333353614
Random Forest Regressor,51.96,52.25803333333306,-0.29803333333305915
Random Forest Regressor,65.35,70.22963333333328,-4.879633333333288
Random Forest Regressor,38.22,37.70513333333327,0.5148666666667268
Random Forest Regressor,52.3,46.39589999999984,5.904100000000156
Random Forest Regressor,184.4,189.97602159989214,-5.57602159989213
Random Forest Regressor,66.78,66.09384404761907,0.6861559523809291
Random Forest Regressor,14.7,15.531966666666664,-0.8319666666666645
Random Forest Regressor,38.21,37.18716666666652,1.0228333333334803
Random Forest Regressor,178.0,176.68333333333334,1.3166666666666629
Random Forest Regressor,51.73,52.195566666666416,-0.4655666666664189
Random Forest Regressor,24.24,29.06776666666661,-4.827766666666612
Random Forest Regressor,4.83,5.633933333333322,-0.8039333333333216
Random Forest Regressor,45.37,47.252766666666865,-1.8827666666668676
Random Forest Regressor,47.71,42.96886666666671,4.741133333333288
Random Forest Regressor,175.8,166.08893222222198,9.711067777778027
Random Forest Regressor,20.0,22.478166666666667,-2.4781666666666666
Random Forest Regressor,67.61,70.89523333333351,-3.285233333333508
Random Forest Regressor,25.18,24.960866666666732,0.2191333333332679
Random Forest Regressor,41.05,41.74886666666654,-0.6988666666665395
Random Forest Regressor,37.17,36.76690000000004,0.4030999999999594
Random Forest Regressor,74.7,71.60996666666693,3.090033333333068
Random Forest Regressor,13.29,13.553966666666643,-0.2639666666666436
Random Forest Regressor,52.82,50.78196666666655,2.038033333333452
Random Forest Regressor,41.54,41.12860000000023,0.41139999999976595
Random Forest Regressor,17.54,17.586733333333303,-0.04673333333330376
Random Forest Regressor,33.4,33.45793333333315,-0.057933333333153314
Random Forest Regressor,9.45,14.14066666666667,-4.6906666666666705
Random Forest Regressor,29.79,28.941133333333333,0.848866666666666
Random Forest Regressor,27.53,27.49843333333329,0.031566666666712706
Random Forest Regressor,40.06,37.233833333333344,2.8261666666666585
Random Forest Regressor,29.23,31.426333333333385,-2.196333333333385
Random Forest Regressor,39.7,40.383266666666785,-0.6832666666667819
Random Forest Regressor,15.52,16.15140000000003,-0.6314000000000313
Random Forest Regressor,15.04,14.757999999999987,0.28200000000001246
Random Forest Regressor,116.5,114.18495079365078,2.315049206349215
Random Forest Regressor,44.33,45.117916666666645,-0.7879166666666464
Random Forest Regressor,31.38,33.838766666666615,-2.458766666666616
Random Forest Regressor,15.34,15.363866666666715,-0.023866666666714664
Random Forest Regressor,84.3,82.42643333333325,1.873566666666747
Random Forest Regressor,53.52,52.069533333333595,1.4504666666664079
Random Forest Regressor,80.2,76.76940000000035,3.4305999999996573
Random Forest Regressor,18.03,18.945099999999996,-0.9150999999999954
Random Forest Regressor,29.55,30.783033333333325,-1.2330333333333243
Random Forest Regressor,45.0,44.207999999999934,0.7920000000000655
Random Forest Regressor,82.8,83.76943333333358,-0.9694333333335834
Random Forest Regressor,146.31,140.70423333333335,5.6057666666666535
Random Forest Regressor,135.8,136.09871111111102,-0.2987111111110039
Random Forest Regressor,15.57,15.479366666666696,0.09063333333330448
Random Forest Regressor,39.0,37.2492666666668,1.7507333333332014
Random Forest Regressor,150.82,141.9852074712642,8.83479252873579
Random Forest Regressor,82.0,55.126,26.874000000000002
Random Forest Regressor,22.35,22.042933333333412,0.3070666666665893
Random Forest Regressor,7.75,11.99306666666667,-4.243066666666669
Random Forest Regressor,30.44,29.593399999999953,0.8466000000000484
Random Forest Regressor,31.18,31.357400000000126,-0.17740000000012657
Random Forest Regressor,29.45,31.653399999999973,-2.2033999999999736
Random Forest Regressor,68.3,68.55739999999972,-0.25739999999971985
Random Forest Regressor,123.2,122.3188488888888,0.8811511111112083
Random Forest Regressor,75.5,75.17021111111112,0.3297888888888849
Random Forest Regressor,25.18,24.237633333333353,0.942366666666647
Random Forest Regressor,107.1,100.78710000000024,6.3128999999997575
Random Forest Regressor,32.76,32.27000000000017,0.48999999999983146
Random Forest Regressor,49.19,49.25210000000005,-0.06210000000005067
Random Forest Regressor,20.92,22.568066666666716,-1.6480666666667148
Random Forest Regressor,144.5,142.8225888888888,1.677411111111212
Random Forest Regressor,48.15,47.11856666666648,1.031433333333517
Random Forest Regressor,66.78,66.09384404761907,0.6861559523809291
Random Forest Regressor,17.57,17.580666666666644,-0.010666666666644176
Random Forest Regressor,21.6,22.949866666666775,-1.3498666666667738
Random Forest Regressor,57.23,58.12683018518515,-0.8968301851851521
Random Forest Regressor,56.63,56.38439999999976,0.24560000000024473
Random Forest Regressor,32.96,33.031399999999884,-0.07139999999988333
Random Forest Regressor,65.91,64.87213333333322,1.0378666666667726
Random Forest Regressor,14.5,14.478799999999977,0.021200000000023422
Random Forest Regressor,4.57,4.719566666666659,-0.14956666666665885
Random Forest Regressor,16.5,17.32003333333333,-0.8200333333333312
Random Forest Regressor,102.8,111.20061666666678,-8.400616666666778
Random Forest Regressor,123.05,156.0237333333331,-32.9737333333331
Random Forest Regressor,58.9,57.69096269841275,1.2090373015872515
Random Forest Regressor,112.22,113.16666570105838,-0.9466657010583788
Random Forest Regressor,44.3,43.64323333333323,0.6567666666667691
Random Forest Regressor,168.0,169.04710000000003,-1.0471000000000288
Random Forest Regressor,12.0,8.143300000000007,3.856699999999993
Random Forest Regressor,91.1,82.46680000000012,8.633199999999874
Random Forest Regressor,34.49,34.34189999999992,0.14810000000008472
Random Forest Regressor,41.3,40.61649365079354,0.6835063492064606
Random Forest Regressor,22.9,49.822904761904574,-26.922904761904576
Random Forest Regressor,23.69,23.821899999999882,-0.1318999999998809
Random Forest Regressor,56.4,60.500766666666735,-4.100766666666736
Random Forest Regressor,160.0,160.94581666666664,-0.9458166666666443
Random Forest Regressor,35.08,33.99379999999998,1.0862000000000194
Random Forest Regressor,25.73,25.147266666666535,0.582733333333465
Random Forest Regressor,39.05,38.69929999999991,0.3507000000000886
Random Forest Regressor,155.0,160.4543666666667,-5.454366666666687
Random Forest Regressor,169.0,167.55778333333333,1.442216666666667
Random Forest Regressor,62.05,61.85489999999979,0.19510000000020966
Random Forest Regressor,50.85,53.79829999999991,-2.948299999999911
Random Forest Regressor,35.31,34.36196666666672,0.9480333333332851
Random Forest Regressor,35.08,33.99379999999998,1.0862000000000194
Random Forest Regressor,36.3,37.45699999999995,-1.1569999999999538
Random Forest Regressor,24.58,25.345399999999998,-0.7653999999999996
Random Forest Regressor,27.22,27.70153333333338,-0.4815333333333811
Random Forest Regressor,13.62,12.415866666666638,1.2041333333333615
Random Forest Regressor,175.9,154.38575000000012,21.51424999999989
Random Forest Regressor,35.87,36.57323333333343,-0.7032333333334293
Random Forest Regressor,130.3,142.931886111111,-12.631886111110987
Random Forest Regressor,14.84,15.651000000000034,-0.8110000000000337
Random Forest Regressor,52.83,51.197799999999866,1.6322000000001324
Random Forest Regressor,64.5,66.23383333333342,-1.733833333333422
Random Forest Regressor,55.26,54.9386999999998,0.32130000000019976
Random Forest Regressor,32.1,31.895300000000123,0.2046999999998782
Random Forest Regressor,21.65,22.57359999999994,-0.92359999999994
Random Forest Regressor,68.1,67.20533333333329,0.8946666666667085
Random Forest Regressor,55.0,50.481699999999975,4.518300000000025
Random Forest Regressor,45.08,46.30316666666657,-1.2231666666665717
Random Forest Regressor,60.29,60.29246666666712,-0.0024666666671180337
Random Forest Regressor,65.98,70.29246666666656,-4.312466666666552
Random Forest Regressor,175.9,167.6356666666659,8.264333333334093
Random Forest Regressor,76.8,75.47152222222198,1.3284777777780192
Random Forest Regressor,9.69,10.396866666666707,-0.7068666666667074
Random Forest Regressor,55.28,50.91009999999985,4.36990000000015
Random Forest Regressor,197.6,189.97602159989214,7.623978400107859
Random Forest Regressor,61.11,60.00208571428576,1.1079142857142372
Random Forest Regressor,10.54,10.552166666666634,-0.01216666666663535
Random Forest Regressor,123.0,128.20145555555567,-5.201455555555668
Random Forest Regressor,73.3,71.73105555555571,1.5689444444442842
Random Forest Regressor,50.77,50.21380000000013,0.5561999999998761
Random Forest Regressor,35.75,37.37777388888892,-1.6277738888889175
Random Forest Regressor,42.7,42.288200000000124,0.4117999999998787
Random Forest Regressor,6.0,9.443366666666634,-3.443366666666634
Random Forest Regressor,43.0,38.615299999999976,4.384700000000024
Random Forest Regressor,18.29,18.77399999999998,-0.48399999999998045
Random Forest Regressor,56.14,58.05397484432227,-1.9139748443222686
Random Forest Regressor,42.8,41.49809999999986,1.3019000000001384
Random Forest Regressor,36.59,38.33670000000008,-1.7467000000000752
Random Forest Regressor,39.42,47.47266666666682,-8.052666666666816
Random Forest Regressor,59.59,59.70660000000011,-0.11660000000010484
Random Forest Regressor,170.9,169.02066666666641,1.8793333333335909
Random Forest Regressor,25.08,24.850266666666666,0.229733333333332
Random Forest Regressor,33.73,33.724333333333185,0.005666666666812148
Random Forest Regressor,56.14,58.05397484432227,-1.9139748443222686
Random Forest Regressor,82.0,83.82156666666668,-1.8215666666666834
Random Forest Regressor,97.4,97.84788888888914,-0.447888888889139
Random Forest Regressor,177.0,173.25270277777759,3.7472972222224143
Random Forest Regressor,55.45,54.112368518518785,1.3376314814812176
Random Forest Regressor,52.5,57.64384444444467,-5.143844444444667
Random Forest Regressor,23.79,23.449033333333293,0.3409666666667057
Random Forest Regressor,11.65,11.523266666666684,0.12673333333331627
Random Forest Regressor,36.15,34.70129999999993,1.4487000000000663
Random Forest Regressor,14.4,12.978700000000051,1.421299999999949
Random Forest Regressor,24.4,24.68856666666662,-0.2885666666666218
Random Forest Regressor,36.44,35.47899999999999,0.9610000000000056
Random Forest Regressor,44.03,49.16923518518542,-5.13923518518542
Random Forest Regressor,60.95,58.62570000000023,2.3242999999997735
Random Forest Regressor,42.13,42.2585999999999,-0.12859999999989924
Random Forest Regressor,47.71,42.96886666666671,4.741133333333288
Random Forest Regressor,39.0,39.7505666666666,-0.7505666666666002
Random Forest Regressor,36.94,36.64770000000001,0.29229999999999023
Random Forest Regressor,119.1,122.21972222222243,-3.1197222222224354
Random Forest Regressor,40.06,37.233833333333344,2.8261666666666585
Random Forest Regressor,43.57,43.28533333333318,0.2846666666668227
Random Forest Regressor,110.42,114.06460555555566,-3.644605555555657
Random Forest Regressor,43.57,43.64403333333321,-0.07403333333321171
Random Forest Regressor,22.75,26.397444444444602,-3.647444444444602
Random Forest Regressor,56.34,54.19656666666664,2.1434333333333626
Random Forest Regressor,46.64,51.382033333333375,-4.742033333333374
Random Forest Regressor,28.3,28.727276190476264,-0.4272761904762632
Random Forest Regressor,66.42,64.4428666666665,1.977133333333498
Random Forest Regressor,44.3,41.73539999999983,2.564600000000169
Random Forest Regressor,17.58,17.607933333333285,-0.02793333333328718
Random Forest Regressor,15.82,16.411033333333343,-0.5910333333333426
Random Forest Regressor,18.13,18.808000000000064,-0.6780000000000648
Random Forest Regressor,64.9,65.43196666666667,-0.531966666666662
Random Forest Regressor,45.08,43.09533333333328,1.984666666666719
Random Forest Regressor,9.01,12.72936666666676,-3.71936666666676
Random Forest Regressor,77.01,90.34402222222194,-13.334022222221932
Random Forest Regressor,25.42,26.30956666666671,-0.8895666666667097
Random Forest Regressor,120.7,120.66023333333341,0.03976666666659412
Random Forest Regressor,23.84,24.110966666666755,-0.2709666666667552
Random Forest Regressor,123.4,126.04381666666653,-2.643816666666524
Random Forest Regressor,172.5,172.97666666666626,-0.47666666666626156
Random Forest Regressor,130.3,127.10218888888875,3.197811111111264
Random Forest Regressor,34.15,33.98656000000006,0.1634399999999374
Random Forest Regressor,21.86,22.11763333333328,-0.2576333333332812
Random Forest Regressor,24.28,23.29210000000006,0.9878999999999394
Random Forest Regressor,36.45,36.824400000000075,-0.37440000000007245
Random Forest Regressor,49.97,49.97706666666643,-0.0070666666664322975
Random Forest Regressor,59.76,57.11963333333347,2.64036666666653
Random Forest Regressor,41.93,42.52570000000015,-0.59570000000015
Random Forest Regressor,161.6,153.40116666666674,8.198833333333255
Random Forest Regressor,118.7,116.46029999999978,2.2397000000002265
Random Forest Regressor,52.91,52.84706666666654,0.0629333333334543
Random Forest Regressor,79.3,79.28666666666624,0.013333333333761743
Random Forest Regressor,86.7,85.11255873015874,1.587441269841264
Gradient Boosting Regressor,37.43,32.76909119247844,4.660908807521558
Gradient Boosting Regressor,52.91,46.67836762185424,6.231632378145754
Gradient Boosting Regressor,6.88,10.039035823064808,-3.1590358230648077
Gradient Boosting Regressor,27.83,26.8127617400352,1.0172382599647989
Gradient Boosting Regressor,42.62,48.454571745627426,-5.834571745627429
Gradient Boosting Regressor,16.0,13.339095333961202,2.660904666038798
Gradient Boosting Regressor,100.1,92.74001245893125,7.359987541068747
Gradient Boosting Regressor,11.36,9.302678453166322,2.057321546833677
Gradient Boosting Regressor,39.15,41.84124429286697,-2.691244292866969
Gradient Boosting Regressor,14.7,17.087998901837768,-2.3879989018377685
Gradient Boosting Regressor,44.52,51.20276810565944,-6.682768105659434
Gradient Boosting Regressor,37.43,32.76909119247844,4.660908807521558
Gradient Boosting Regressor,28.1,30.355489226761122,-2.255489226761121
Gradient Boosting Regressor,114.44,112.34752956299899,2.092470437001012
Gradient Boosting Regressor,39.49,39.74670066510225,-0.256700665102251
Gradient Boosting Regressor,168.0,166.20896491427743,1.7910350857225694
Gradient Boosting Regressor,55.32,77.03630137512675,-21.716301375126754
Gradient Boosting Regressor,15.62,13.799654354162525,1.8203456458374738
Gradient Boosting Regressor,139.3,129.2666521579453,10.033347842054724
Gradient Boosting Regressor,98.3,120.96198678787744,-22.66198678787744
Gradient Boosting Regressor,31.42,34.810246415614415,-3.3902464156144134
Gradient Boosting Regressor,39.45,36.48458581839891,2.9654141816010906
Gradient Boosting Regressor,19.99,23.851554529229862,-3.8615545292298634
Gradient Boosting Regressor,10.73,12.373193087933519,-1.6431930879335184
Gradient Boosting Regressor,40.9,43.867762563644,-2.9677625636440013
Gradient Boosting Regressor,35.76,35.01224885486178,0.747751145138217
Gradient Boosting Regressor,39.5,40.14437517929968,-0.6443751792996792
Gradient Boosting Regressor,107.6,106.96533094244967,0.634669057550326
Gradient Boosting Regressor,58.4,66.31000904941617,-7.910009049416168
Gradient Boosting Regressor,29.87,32.43662122544353,-2.56662122544353
Gradient Boosting Regressor,28.6,31.89917980345805,-3.299179803458049
Gradient Boosting Regressor,120.6,115.41186215242516,5.188137847574836
Gradient Boosting Regressor,21.18,18.477045579976952,2.7029544200230475
Gradient Boosting Regressor,106.3,115.12556436411197,-8.825564364111969
Gradient Boosting Regressor,9.13,10.940194161233407,-1.8101941612334063
Gradient Boosting Regressor,130.6,143.9980430420364,-13.398043042036392
Gradient Boosting Regressor,44.3,39.82738869997671,4.4726113000232885
Gradient Boosting Regressor,62.5,65.85001506114797,-3.350015061147971
Gradient Boosting Regressor,53.52,45.68004438218215,7.83995561781785
Gradient Boosting Regressor,7.0,7.696353095655632,-0.6963530956556321
Gradient Boosting Regressor,46.93,46.24283151257024,0.6871684874297586
Gradient Boosting Regressor,85.1,78.54622331974473,6.553776680255268
Gradient Boosting Regressor,21.3,25.86524009783908,-4.56524009783908
Gradient Boosting Regressor,12.84,18.038155397952018,-5.198155397952018
Gradient Boosting Regressor,10.39,15.079578413675002,-4.689578413675001
Gradient Boosting Regressor,19.77,23.898096674074505,-4.128096674074506
Gradient Boosting Regressor,14.94,18.260272792667713,-3.320272792667714
Gradient Boosting Regressor,25.18,25.01855310653891,0.16144689346108976
Gradient Boosting Regressor,23.5,32.36149595539486,-8.861495955394858
Gradient Boosting Regressor,166.7,167.87995772631376,-1.1799577263137735
Gradient Boosting Regressor,62.1,58.99864109240785,3.10135890759215
Gradient Boosting Regressor,55.16,54.86209999705941,0.2979000029405867
Gradient Boosting Regressor,162.8,165.95312649678183,-3.153126496781823
Gradient Boosting Regressor,36.84,37.36118168286433,-0.5211816828643236
Gradient Boosting Regressor,50.66,46.94935218762755,3.71064781237245
Gradient Boosting Regressor,18.2,25.915155589776717,-7.7151555897767174
Gradient Boosting Regressor,10.0,11.471922876626138,-1.471922876626138
Gradient Boosting Regressor,118.0,121.05816241396337,-3.058162413963373
Gradient Boosting Regressor,25.57,24.431370186529623,1.1386298134703772
Gradient Boosting Regressor,38.02,42.60234491327277,-4.58234491327277
Gradient Boosting Regressor,12.18,13.173279391735841,-0.9932793917358413
Gradient Boosting Regressor,18.0,13.15959795192802,4.840402048071979
Gradient Boosting Regressor,21.95,27.13101211010778,-5.18101211010778
Gradient Boosting Regressor,44.7,39.682252721672,5.017747278328002
Gradient Boosting Regressor,220.2,210.16494727185272,10.035052728147264
Gradient Boosting Regressor,28.0,26.014145629137555,1.9858543708624445
Gradient Boosting Regressor,25.45,23.38406161165201,2.0659383883479876
Gradient Boosting Regressor,50.08,53.54786398894978,-3.46786398894978
Gradient Boosting Regressor,15.09,17.783730782017248,-2.693730782017248
Gradient Boosting Regressor,33.12,40.71916371801112,-7.59916371801112
Gradient Boosting Regressor,9.85,9.087492819200241,0.7625071807997585
Gradient Boosting Regressor,178.1,173.9435071821746,4.156492817825381
Gradient Boosting Regressor,41.68,36.915103398768665,4.764896601231335
Gradient Boosting Regressor,50.95,48.46218787625157,2.4878121237484336
Gradient Boosting Regressor,52.44,47.60996386267943,4.830036137320569
Gradient Boosting Regressor,31.42,34.20693454018662,-2.7869345401866212
Gradient Boosting Regressor,12.55,11.448934804935146,1.1010651950648551
Gradient Boosting Regressor,44.21,39.22053789783564,4.98946210216436
Gradient Boosting Regressor,60.2,63.37430937747247,-3.1743093774724684
Gradient Boosting Regressor,31.97,35.736184947334046,-3.7661849473340467
Gradient Boosting Regressor,40.86,33.053004387223424,7.806995612776575
Gradient Boosting Regressor,46.64,50.096117009207425,-3.456117009207425
Gradient Boosting Regressor,53.46,50.715986549017494,2.744013450982507
Gradient Boosting Regressor,37.36,30.737392659622728,6.622607340377272
Gradient Boosting Regressor,26.31,26.52619743306889,-0.21619743306889205
Gradient Boosting Regressor,138.3,135.29306508088496,3.0069349191150536
Gradient Boosting Regressor,68.0,63.92254832513946,4.077451674860541
Gradient Boosting Regressor,159.1,151.77846455748545,7.321535442514545
Gradient Boosting Regressor,41.1,35.583422466067745,5.5165775339322565
Gradient Boosting Regressor,71.99,64.04814793761584,7.941852062384157
Gradient Boosting Regressor,55.55,53.17065774866511,2.37934225133489
Gradient Boosting Regressor,19.11,17.45633219471478,1.6536678052852203
Gradient Boosting Regressor,177.2,174.2272079805242,2.9727920194757758
Gradient Boosting Regressor,144.7,150.77901159896322,-6.079011598963234
Gradient Boosting Regressor,36.8,39.95834077329367,-3.1583407732936735
Gradient Boosting Regressor,35.85,37.899216931786356,-2.0492169317863542
Gradient Boosting Regressor,66.43,72.04184298394507,-5.611842983945067
Gradient Boosting Regressor,43.0,39.3521615410837,3.647838458916297
Gradient Boosting Regressor,24.29,18.56822648631108,5.72177351368892
Gradient Boosting Regressor,67.57,60.97059149354793,6.599408506452065
Gradient Boosting Regressor,41.54,43.47430060243908,-1.9343006024390803
Gradient Boosting Regressor,71.62,76.99712546480549,-5.377125464805488
Gradient Boosting Regressor,79.99,63.66102066714681,16.328979332853187
Gradient Boosting Regressor,192.2,190.09658837410842,2.1034116258915674
Gradient Boosting Regressor,29.41,26.78676797258806,2.623232027411941
Gradient Boosting Regressor,20.42,19.850094327492176,0.5699056725078258
Gradient Boosting Regressor,122.9,134.86367125348153,-11.963671253481522
Gradient Boosting Regressor,111.0,118.75495752342337,-7.754957523423371
Gradient Boosting Regressor,27.63,29.6068293379954,-1.976829337995401
Gradient Boosting Regressor,38.27,34.84702808256223,3.4229719174377706
Gradient Boosting Regressor,19.52,15.446713267407212,4.073286732592788
Gradient Boosting Regressor,32.63,38.76220387932022,-6.132203879320215
Gradient Boosting Regressor,49.71,49.68750018619346,0.022499813806540203
Gradient Boosting Regressor,116.2,124.9925509972013,-8.792550997201303
Gradient Boosting Regressor,156.1,160.19562568282143,-4.095625682821435
Gradient Boosting Regressor,39.94,37.699783747463584,2.2402162525364133
Gradient Boosting Regressor,103.5,121.79682422096371,-18.296824220963714
Gradient Boosting Regressor,75.8,81.02142189763353,-5.221421897633533
Gradient Boosting Regressor,35.23,28.762123487003393,6.467876512996604
Gradient Boosting Regressor,123.66,123.22138917843185,0.43861082156814746
Gradient Boosting Regressor,153.9,140.9000078110251,12.999992188974915
Gradient Boosting Regressor,53.77,48.937869317101985,4.832130682898018
Gradient Boosting Regressor,26.86,28.38056818574433,-1.520568185744331
Gradient Boosting Regressor,34.9,39.096375106456875,-4.196375106456877
Gradient Boosting Regressor,103.0,116.02253078265495,-13.022530782654954
Gradient Boosting Regressor,61.14,61.369906776231055,-0.22990677623105427
Gradient Boosting Regressor,21.29,10.922339277803937,10.367660722196062
Gradient Boosting Regressor,108.3,109.49715484552924,-1.1971548455292407
Gradient Boosting Regressor,52.53,43.53344937824862,8.996550621751382
Gradient Boosting Regressor,33.69,31.708984821700007,1.981015178299991
Gradient Boosting Regressor,117.5,123.48429450232233,-5.984294502322328
Gradient Boosting Regressor,49.2,46.19964225747866,3.000357742521345
Gradient Boosting Regressor,38.0,45.81382359750671,-7.813823597506712
Gradient Boosting Regressor,29.22,29.218872220622153,0.0011277793778461387
Gradient Boosting Regressor,31.02,29.95884340740863,1.0611565925913702
Gradient Boosting Regressor,15.87,13.902543781641274,1.9674562183587252
Gradient Boosting Regressor,130.2,133.57263824350696,-3.3726382435069695
Gradient Boosting Regressor,96.3,104.73305449180013,-8.433054491800135
Gradient Boosting Regressor,57.23,61.062320169016964,-3.832320169016967
Gradient Boosting Regressor,55.26,49.168708551308875,6.091291448691123
Gradient Boosting Regressor,18.91,14.911884369141218,3.9981156308587824
Gradient Boosting Regressor,9.45,12.864834641393234,-3.4148346413932344
Gradient Boosting Regressor,50.53,48.028122774844064,2.501877225155937
Gradient Boosting Regressor,29.93,26.294418587956844,3.6355814120431553
Gradient Boosting Regressor,124.94,105.26581733231207,19.67418266768793
Gradient Boosting Regressor,14.54,23.21597953365343,-8.675979533653432
Gradient Boosting Regressor,49.3,45.119305057256526,4.180694942743472
Gradient Boosting Regressor,28.99,30.63147093857957,-1.6414709385795732
Gradient Boosting Regressor,9.99,10.144180335168656,-0.1541803351686557
Gradient Boosting Regressor,9.56,15.49634623492819,-5.936346234928189
Gradient Boosting Regressor,13.4,17.06121102739464,-3.661211027394641
Gradient Boosting Regressor,26.85,26.799601174220086,0.05039882577991506
Gradient Boosting Regressor,124.1,117.96401790527972,6.135982094720276
Gradient Boosting Regressor,161.9,168.06025807950408,-6.160258079504075
Gradient Boosting Regressor,28.63,30.444327979876537,-1.8143279798765377
Gradient Boosting Regressor,36.94,39.703842746435505,-2.7638427464355075
Gradient Boosting Regressor,46.23,49.47003612841608,-3.2400361284160866
Gradient Boosting Regressor,43.7,44.771145760667885,-1.071145760667882
Gradient Boosting Regressor,17.54,16.931458490506106,0.6085415094938931
Gradient Boosting Regressor,44.21,41.746545478635824,2.463454521364177
Gradient Boosting Regressor,43.89,47.28579752004234,-3.3957975200423363
Gradient Boosting Regressor,160.6,165.69571587140453,-5.095715871404536
Gradient Boosting Regressor,31.35,37.45591640779047,-6.105916407790467
Gradient Boosting Regressor,36.97,38.731703416313856,-1.761703416313857
Gradient Boosting Regressor,32.4,35.58586461672841,-3.1858646167284093
Gradient Boosting Regressor,24.29,18.56822648631108,5.72177351368892
Gradient Boosting Regressor,92.8,86.64887932298211,6.151120677017886
Gradient Boosting Regressor,179.0,172.60469352303576,6.395306476964237
Gradient Boosting Regressor,29.23,26.19873649490311,3.0312635050968915
Gradient Boosting Regressor,16.28,16.544603942234268,-0.26460394223426675
Gradient Boosting Regressor,122.93,128.786716620585,-5.85671662058499
Gradient Boosting Regressor,130.6,148.90340950515682,-18.30340950515682
Gradient Boosting Regressor,83.6,77.9173479763953,5.682652023604689
Gradient Boosting Regressor,77.8,70.99678332409377,6.803216675906228
Gradient Boosting Regressor,33.19,29.252100514152854,3.9378994858471437
Gradient Boosting Regressor,26.91,31.97258710539436,-5.0625871053943605
Gradient Boosting Regressor,33.04,44.42360409658546,-11.383604096585458
Gradient Boosting Regressor,147.7,149.7305862661228,-2.0305862661228105
Gradient Boosting Regressor,20.0,17.844377731910065,2.1556222680899353
Gradient Boosting Regressor,36.15,34.62900679154652,1.5209932084534756
Gradient Boosting Regressor,21.48,22.254364865030077,-0.7743648650300763
Gradient Boosting Regressor,40.86,33.053004387223424,7.806995612776575
Gradient Boosting Regressor,12.84,18.038155397952018,-5.198155397952018
Gradient Boosting Regressor,96.5,99.25623105956078,-2.7562310595607755
Gradient Boosting Regressor,170.5,166.16876939476407,4.33123060523593
Gradient Boosting Regressor,167.7,163.27812645058654,4.421873549413448
Gradient Boosting Regressor,125.0,127.73097869510663,-2.7309786951066286
Gradient Boosting Regressor,14.14,18.41620311558408,-4.276203115584078
Gradient Boosting Regressor,11.58,10.200877891852551,1.379122108147449
Gradient Boosting Regressor,115.5,118.26415996447112,-2.7641599644711192
Gradient Boosting Regressor,51.06,48.05383598694885,3.006164013051155
Gradient Boosting Regressor,65.91,54.63126393063507,11.278736069364925
Gradient Boosting Regressor,41.37,55.332136197060166,-13.962136197060168
Gradient Boosting Regressor,193.5,190.09658837410842,3.4034116258915788
Gradient Boosting Regressor,40.68,40.01715563054693,0.6628443694530688
Gradient Boosting Regressor,26.14,29.754479809231245,-3.614479809231245
Gradient Boosting Regressor,119.7,121.39859103337082,-1.6985910333708176
Gradient Boosting Regressor,20.59,16.964529020801724,3.625470979198276
Gradient Boosting Regressor,170.0,169.98084265138948,0.019157348610519875
Gradient Boosting Regressor,15.44,14.045837566190647,1.3941624338093526
Gradient Boosting Regressor,25.69,25.493918921997263,0.196081078002738
Gradient Boosting Regressor,30.45,26.55608952399162,3.8939104760083794
Gradient Boosting Regressor,109.2,97.4848453700315,11.71515462996851
Gradient Boosting Regressor,67.7,59.72086218756478,7.979137812435226
Gradient Boosting Regressor,32.11,32.3427734574376,-0.23277345743760236
Gradient Boosting Regressor,70.3,79.50452906604477,-9.20452906604477
Gradient Boosting Regressor,77.9,79.57256459296002,-1.6725645929600148
Gradient Boosting Regressor,31.84,32.495062852084935,-0.6550628520849351
Gradient Boosting Regressor,34.77,29.66609154929878,5.103908450701223
Gradient Boosting Regressor,53.1,61.78961187678337,-8.689611876783367
Gradient Boosting Regressor,42.95,34.91207688328075,8.037923116719256
Gradient Boosting Regressor,202.2,190.09658837410842,12.103411625891567
Gradient Boosting Regressor,49.77,45.70810699468164,4.06189300531836
Gradient Boosting Regressor,37.27,44.0342689172007,-6.764268917200695
Gradient Boosting Regressor,93.8,88.03947129142045,5.7605287085795425
Gradient Boosting Regressor,31.03,26.645894201963895,4.3841057980361064
Gradient Boosting Regressor,157.2,138.41448149087088,18.785518509129105
Gradient Boosting Regressor,27.23,27.8928474537259,-0.6628474537258988
Gradient Boosting Regressor,53.08,52.67091280223858,0.40908719776141567
Gradient Boosting Regressor,30.12,33.615117187603936,-3.4951171876039346
Gradient Boosting Regressor,139.2,141.08889629235452,-1.8888962923545307
Gradient Boosting Regressor,39.64,38.157075828109676,1.4829241718903248
Gradient Boosting Regressor,78.0,85.5433976956371,-7.543397695637097
Gradient Boosting Regressor,36.1,49.563176839585154,-13.463176839585152
Gradient Boosting Regressor,16.26,17.88924288762533,-1.6292428876253275
Gradient Boosting Regressor,54.32,52.268917944041256,2.0510820559587444
Gradient Boosting Regressor,45.85,38.19707860576901,7.652921394230994
Gradient Boosting Regressor,154.4,130.17892374473902,24.221076255260982
Gradient Boosting Regressor,50.46,54.778894238964234,-4.3188942389642335
Gradient Boosting Regressor,46.39,37.199114652041445,9.190885347958556
Gradient Boosting Regressor,53.0,65.75606623062095,-12.756066230620945
Gradient Boosting Regressor,37.0,47.405043407912984,-10.405043407912984
Gradient Boosting Regressor,53.96,53.25618226551964,0.70381773448036
Gradient Boosting Regressor,39.42,45.43297005989747,-6.012970059897469
Gradient Boosting Regressor,68.75,61.974503579319865,6.775496420680135
Gradient Boosting Regressor,146.5,134.59832505840458,11.901674941595417
Gradient Boosting Regressor,31.27,28.219981114363367,3.050018885636632
Gradient Boosting Regressor,11.17,10.453781681404847,0.7162183185951534
Gradient Boosting Regressor,133.3,131.76710160791262,1.5328983920873895
Gradient Boosting Regressor,72.3,67.93613235337253,4.363867646627469
Gradient Boosting Regressor,27.68,31.477730071284434,-3.797730071284434
Gradient Boosting Regressor,130.7,130.69829328108685,0.0017067189131410032
Gradient Boosting Regressor,55.0,58.83637411807951,-3.8363741180795117
Gradient Boosting Regressor,20.73,16.11371606980488,4.61628393019512
Gradient Boosting Regressor,143.0,147.6847933898765,-4.684793389876489
Gradient Boosting Regressor,111.5,117.53865671137153,-6.03865671137153
Gradient Boosting Regressor,43.0,47.618335951770554,-4.618335951770554
Gradient Boosting Regressor,68.9,70.37359291931814,-1.4735929193181363
Gradient Boosting Regressor,23.52,25.80233390919097,-2.282333909190971
Gradient Boosting Regressor,61.86,57.897510943467445,3.9624890565325543
Gradient Boosting Regressor,22.72,24.8856191575938,-2.1656191575938024
Gradient Boosting Regressor,125.56,113.41088163267506,12.149118367324945
Gradient Boosting Regressor,11.98,13.165679755239463,-1.1856797552394625
Gradient Boosting Regressor,103.18,90.67370218090574,12.506297819094272
Gradient Boosting Regressor,71.9,76.46510046431496,-4.565100464314952
Gradient Boosting Regressor,39.23,43.2168565631995,-3.9868565631995025
Gradient Boosting Regressor,12.73,11.974609044267112,0.7553909557328886
Gradient Boosting Regressor,37.68,40.74936972332631,-3.069369723326311
Gradient Boosting Regressor,71.7,67.76305066496722,3.9369493350327787
Gradient Boosting Regressor,24.28,20.809616486516447,3.4703835134835543
Gradient Boosting Regressor,60.29,58.2492345872506,2.0407654127494013
Gradient Boosting Regressor,56.4,60.70219304162362,-4.3021930416236245
Gradient Boosting Regressor,38.0,36.38369678911083,1.6163032108891713
Gradient Boosting Regressor,31.97,35.736184947334046,-3.7661849473340467
Gradient Boosting Regressor,100.2,89.61050464422938,10.589495355770623
Gradient Boosting Regressor,62.9,66.65275802604236,-3.7527580260423647
Gradient Boosting Regressor,38.46,44.46517952618723,-6.005179526187227
Gradient Boosting Regressor,147.3,135.92903313212003,11.370966867879986
Gradient Boosting Regressor,79.3,74.99685007408519,4.303149925914809
Gradient Boosting Regressor,29.59,34.24726992662249,-4.657269926622487
Gradient Boosting Regressor,56.62,49.41569058810551,7.204309411894485
Gradient Boosting Regressor,24.85,25.1790721025555,-0.3290721025555001
Gradient Boosting Regressor,19.93,12.58885607207034,7.341143927929659
Gradient Boosting Regressor,108.6,95.67354756614615,12.92645243385384
Gradient Boosting Regressor,74.17,70.86264540055879,3.3073545994412115
Gradient Boosting Regressor,19.74,18.987509508803928,0.7524904911960704
Gradient Boosting Regressor,165.0,167.16660150110815,-2.166601501108147
Gradient Boosting Regressor,94.5,84.84623699135226,9.653763008647744
Gradient Boosting Regressor,33.3,36.20242947399664,-2.9024294739966408
Gradient Boosting Regressor,17.82,21.295781555074207,-3.4757815550742066
Gradient Boosting Regressor,26.74,32.44424310832771,-5.704243108327713
Gradient Boosting Regressor,44.14,49.87703239704432,-5.737032397044317
Gradient Boosting Regressor,133.0,153.2130016213863,-20.213001621386297
Gradient Boosting Regressor,126.0,128.10421852391133,-2.104218523911328
Gradient Boosting Regressor,54.28,52.268917944041256,2.0110820559587452
Gradient Boosting Regressor,173.2,167.63964620956003,5.560353790439962
Gradient Boosting Regressor,105.37,113.84151916032006,-8.471519160320057
Gradient Boosting Regressor,108.3,122.42939046571615,-14.129390465716156
Gradient Boosting Regressor,15.75,17.084556933581858,-1.3345569335818581
Gradient Boosting Regressor,24.07,22.61169995125128,1.4583000487487219
Gradient Boosting Regressor,55.9,51.25958857241299,4.640411427587011
Gradient Boosting Regressor,51.02,54.59064388739694,-3.5706438873969404
Gradient Boosting Regressor,139.0,145.5009868499872,-6.500986849987214
Gradient Boosting Regressor,153.3,134.9862696515436,18.313730348456403
Gradient Boosting Regressor,43.73,38.79897430486572,4.931025695134274
Gradient Boosting Regressor,8.0,13.136052960444854,-5.136052960444854
Gradient Boosting Regressor,82.09,79.58574176563138,2.5042582343686206
Gradient Boosting Regressor,45.0,42.53086476626919,2.4691352337308103
Gradient Boosting Regressor,35.17,39.30072894269267,-4.13072894269267
Gradient Boosting Regressor,45.9,37.330464942045566,8.569535057954432
Gradient Boosting Regressor,37.91,37.26750127066912,0.6424987293308746
Gradient Boosting Regressor,31.87,33.42772389218885,-1.55772389218885
Gradient Boosting Regressor,71.3,64.14592553487888,7.154074465121113
Gradient Boosting Regressor,25.48,20.339654888067262,5.140345111932739
Gradient Boosting Regressor,39.42,48.22707270133329,-8.80707270133329
Gradient Boosting Regressor,113.9,127.57945928595194,-13.679459285951935
Gradient Boosting Regressor,57.9,61.37308968781588,-3.473089687815879
Gradient Boosting Regressor,44.4,40.90055373657475,3.4994462634252486
Gradient Boosting Regressor,36.35,37.19575582484528,-0.845755824845277
Gradient Boosting Regressor,11.39,11.366203104297313,0.023796895702687948
Gradient Boosting Regressor,37.17,36.08706002062362,1.082939979376384
Gradient Boosting Regressor,16.0,23.13229243438042,-7.132292434380421
Gradient Boosting Regressor,21.5,26.03175888021576,-4.531758880215762
Gradient Boosting Regressor,29.59,34.24726992662249,-4.657269926622487
Gradient Boosting Regressor,79.69,78.89196887456733,0.7980311254326722
Gradient Boosting Regressor,77.3,71.81133489759468,5.488665102405321
Gradient Boosting Regressor,99.33,102.96797446376117,-3.637974463761168
Gradient Boosting Regressor,33.0,29.210871851065356,3.789128148934644
Gradient Boosting Regressor,37.36,30.737392659622728,6.622607340377272
Gradient Boosting Regressor,33.76,38.03475018049515,-4.274750180495154
Gradient Boosting Regressor,127.4,126.2538261544415,1.1461738455585078
Gradient Boosting Regressor,42.64,35.763833125934006,6.876166874065994
Gradient Boosting Regressor,46.08,52.658745270065744,-6.578745270065745
Gradient Boosting Regressor,18.2,25.915155589776717,-7.7151555897767174
Gradient Boosting Regressor,8.06,10.267381516657416,-2.2073815166574153
Gradient Boosting Regressor,10.54,11.253784455971502,-0.7137844559715028
Gradient Boosting Regressor,15.07,12.719172262947888,2.3508277370521125
Gradient Boosting Regressor,64.4,66.74100685259268,-2.3410068525926704
Gradient Boosting Regressor,48.32,57.624585677833,-9.304585677832996
Gradient Boosting Regressor,17.84,29.15614536601451,-11.31614536601451
Gradient Boosting Regressor,29.98,38.618341093150704,-8.638341093150704
Gradient Boosting Regressor,12.18,11.876759832714438,0.303240167285562
Gradient Boosting Regressor,160.1,165.57867330521523,-5.4786733052152385
Gradient Boosting Regressor,31.81,33.738839994998564,-1.9288399949985653
Gradient Boosting Regressor,108.73,115.89591100392977,-7.165911003929764
Gradient Boosting Regressor,23.08,17.837901120004457,5.242098879995542
Gradient Boosting Regressor,21.29,10.922339277803937,10.367660722196062
Gradient Boosting Regressor,73.3,70.96053746538895,2.3394625346110445
Gradient Boosting Regressor,51.3,45.119305057256526,6.180694942743472
Gradient Boosting Regressor,14.6,13.678585974486031,0.9214140255139682
Gradient Boosting Regressor,15.57,17.08553380914434,-1.5155338091443404
Gradient Boosting Regressor,77.3,71.81133489759468,5.488665102405321
Gradient Boosting Regressor,21.59,29.676642860765728,-8.086642860765728
Gradient Boosting Regressor,30.23,27.93407356440293,2.295926435597071
Gradient Boosting Regressor,39.42,45.43297005989747,-6.012970059897469
Gradient Boosting Regressor,40.87,46.21774389483276,-5.34774389483276
Gradient Boosting Regressor,52.2,43.41624099663443,8.783759003365574
Gradient Boosting Regressor,69.66,64.56500606408127,5.094993935918723
Gradient Boosting Regressor,54.6,47.58799928576621,7.012000714233793
Gradient Boosting Regressor,53.1,52.69930080997349,0.4006991900265149
Gradient Boosting Regressor,21.83,27.900216756510158,-6.07021675651016
Gradient Boosting Regressor,148.6,155.19435356890614,-6.594353568906143
Gradient Boosting Regressor,71.3,64.14592553487888,7.154074465121113
Gradient Boosting Regressor,129.79,123.0112595137214,6.778740486278593
Gradient Boosting Regressor,53.52,57.82849887683751,-4.308498876837504
Gradient Boosting Regressor,111.0,92.81820362977687,18.181796370223125
Gradient Boosting Regressor,47.1,44.41073052995655,2.689269470043449
Gradient Boosting Regressor,71.3,64.14592553487888,7.154074465121113
Gradient Boosting Regressor,2.33,5.56097858558957,-3.23097858558957
Gradient Boosting Regressor,33.54,35.14810696880165,-1.6081069688016498
Gradient Boosting Regressor,76.0,85.3120068708145,-9.3120068708145
Gradient Boosting Regressor,36.99,35.792480010804255,1.1975199891957473
Gradient Boosting Regressor,36.35,37.19575582484528,-0.845755824845277
Gradient Boosting Regressor,149.7,129.2666521579453,20.4333478420547
Gradient Boosting Regressor,44.87,32.40239283438247,12.46760716561753
Gradient Boosting Regressor,42.14,38.45492585384053,3.6850741461594723
Gradient Boosting Regressor,31.97,31.34788314909558,0.622116850904419
Gradient Boosting Regressor,35.36,30.70082275632719,4.659177243672808
Gradient Boosting Regressor,48.28,43.0795798574005,5.200420142599498
Gradient Boosting Regressor,21.91,20.71610910080634,1.1938908991936614
Gradient Boosting Regressor,204.4,174.25037498278144,30.14962501721857
Gradient Boosting Regressor,40.0,39.11071903492743,0.8892809650725724
Gradient Boosting Regressor,13.46,14.854813181053082,-1.394813181053081
Gradient Boosting Regressor,82.6,79.56222397864012,3.037776021359875
Gradient Boosting Regressor,197.9,190.09658837410842,7.803411625891584
Gradient Boosting Regressor,50.66,46.94935218762755,3.71064781237245
Gradient Boosting Regressor,136.34,128.6799944554576,7.6600055445424005
Gradient Boosting Regressor,39.16,37.08955527796563,2.0704447220343667
Gradient Boosting Regressor,59.0,69.20384851554083,-10.203848515540827
Gradient Boosting Regressor,68.49,87.89975895419856,-19.409758954198566
Gradient Boosting Regressor,40.15,40.01548554355313,0.13451445644686544
Gradient Boosting Regressor,37.72,42.4056253681145,-4.685625368114501
Gradient Boosting Regressor,39.61,39.6345276471659,-0.024527647165903943
Gradient Boosting Regressor,28.63,32.36828690999324,-3.7382869099932385
Gradient Boosting Regressor,37.4,28.500012628798988,8.89998737120101
Gradient Boosting Regressor,35.85,37.899216931786356,-2.0492169317863542
Gradient Boosting Regressor,195.2,193.18360474834677,2.016395251653222
Gradient Boosting Regressor,150.0,152.62669091415668,-2.6266909141566828
Gradient Boosting Regressor,35.76,35.01224885486178,0.747751145138217
Gradient Boosting Regressor,39.1,40.14437517929968,-1.0443751792996778
Gradient Boosting Regressor,33.01,33.35906662536402,-0.3490666253640242
Gradient Boosting Regressor,25.46,25.858638788722978,-0.39863878872297676
Gradient Boosting Regressor,74.5,68.77649498233926,5.723505017660742
Gradient Boosting Regressor,15.36,16.731871380016504,-1.371871380016504
Gradient Boosting Regressor,57.2,53.818663569114484,3.3813364308855185
Gradient Boosting Regressor,151.8,158.08499651308367,-6.284996513083655
Gradient Boosting Regressor,51.04,51.1794932661928,-0.139493266192801
Gradient Boosting Regressor,128.8,131.65371197705116,-2.853711977051148
Gradient Boosting Regressor,116.31,96.99890758645087,19.311092413549133
Gradient Boosting Regressor,22.75,29.475365803082518,-6.725365803082518
Gradient Boosting Regressor,48.4,42.730440846897885,5.669559153102114
Gradient Boosting Regressor,69.0,67.32834677976984,1.671653220230155
Gradient Boosting Regressor,49.99,47.9095129641815,2.0804870358185
Gradient Boosting Regressor,46.93,46.24283151257024,0.6871684874297586
Gradient Boosting Regressor,114.9,109.49715484552924,5.402845154470768
Gradient Boosting Regressor,32.11,32.3427734574376,-0.23277345743760236
Gradient Boosting Regressor,124.7,133.43856723363302,-8.73856723363302
Gradient Boosting Regressor,27.68,31.477730071284434,-3.797730071284434
Gradient Boosting Regressor,37.33,36.874465366214594,0.4555346337854047
Gradient Boosting Regressor,52.83,48.81246724895326,4.017532751046737
Gradient Boosting Regressor,125.1,133.28500106813382,-8.185001068133829
Gradient Boosting Regressor,122.93,114.25986621612495,8.670133783875059
Gradient Boosting Regressor,50.53,48.028122774844064,2.501877225155937
Gradient Boosting Regressor,74.5,68.77649498233926,5.723505017660742
Gradient Boosting Regressor,24.0,23.046998498316082,0.953001501683918
Gradient Boosting Regressor,63.14,48.965605048602605,14.174394951397396
Gradient Boosting Regressor,56.83,52.90224766624765,3.927752333752345
Gradient Boosting Regressor,92.48,87.4446797971427,5.0353202028573065
Gradient Boosting Regressor,51.96,49.902612493838745,2.0573875061612554
Gradient Boosting Regressor,65.35,72.79693829239679,-7.446938292396794
Gradient Boosting Regressor,38.22,52.873798547947054,-14.653798547947055
Gradient Boosting Regressor,52.3,43.55387143410133,8.746128565898665
Gradient Boosting Regressor,184.4,190.09658837410842,-5.696588374108416
Gradient Boosting Regressor,66.78,61.974503579319865,4.805496420680136
Gradient Boosting Regressor,14.7,17.087998901837768,-2.3879989018377685
Gradient Boosting Regressor,38.21,36.41365271290268,1.7963472870973192
Gradient Boosting Regressor,178.0,178.14344724044406,-0.1434472404440612
Gradient Boosting Regressor,51.73,49.168708551308875,2.5612914486911222
Gradient Boosting Regressor,24.24,29.880504714123678,-5.640504714123679
Gradient Boosting Regressor,4.83,10.187654654619667,-5.357654654619667
Gradient Boosting Regressor,45.37,53.32780507172231,-7.957805071722312
Gradient Boosting Regressor,47.71,41.26715735183697,6.44284264816303
Gradient Boosting Regressor,175.8,157.74711334392376,18.052886656076254
Gradient Boosting Regressor,20.0,23.165502881256078,-3.165502881256078
Gradient Boosting Regressor,67.61,81.5947159896296,-13.984715989629606
Gradient Boosting Regressor,25.18,25.664668581184827,-0.4846685811848275
Gradient Boosting Regressor,41.05,45.46804596652638,-4.418045966526385
Gradient Boosting Regressor,37.17,35.93344332757688,1.23655667242312
Gradient Boosting Regressor,74.7,57.51050026931494,17.189499730685064
Gradient Boosting Regressor,13.29,17.98916119283003,-4.699161192830029
Gradient Boosting Regressor,52.82,48.81246724895326,4.007532751046739
Gradient Boosting Regressor,41.54,41.658540782371965,-0.11854078237196575
Gradient Boosting Regressor,17.54,19.711537602746635,-2.1715376027466355
Gradient Boosting Regressor,33.4,35.58586461672841,-2.1858646167284093
Gradient Boosting Regressor,9.45,12.864834641393234,-3.4148346413932344
Gradient Boosting Regressor,29.79,29.576258104220052,0.21374189577994684
Gradient Boosting Regressor,27.53,25.45160135866177,2.0783986413382323
Gradient Boosting Regressor,40.06,35.83079752421892,4.229202475781079
Gradient Boosting Regressor,29.23,26.19873649490311,3.0312635050968915
Gradient Boosting Regressor,39.7,44.09537065353345,-4.395370653533448
Gradient Boosting Regressor,15.52,19.79036806364131,-4.27036806364131
Gradient Boosting Regressor,15.04,12.530416601370707,2.5095833986292924
Gradient Boosting Regressor,116.5,116.65671267013266,-0.15671267013266288
Gradient Boosting Regressor,44.33,45.32471241299538,-0.9947124129953835
Gradient Boosting Regressor,31.38,40.11357996758773,-8.733579967587733
Gradient Boosting Regressor,15.34,16.026306843558466,-0.6863068435584658
Gradient Boosting Regressor,84.3,82.8996226125354,1.4003773874646015
Gradient Boosting Regressor,53.52,45.68004438218215,7.83995561781785
Gradient Boosting Regressor,80.2,65.17590963203078,15.024090367969222
Gradient Boosting Regressor,18.03,20.58501801613889,-2.555018016138888
Gradient Boosting Regressor,29.55,32.37643152796492,-2.8264315279649175
Gradient Boosting Regressor,45.0,41.99610704322608,3.0038929567739174
Gradient Boosting Regressor,82.8,82.41605253471329,0.38394746528670964
Gradient Boosting Regressor,146.31,134.6651077971141,11.644892202885899
Gradient Boosting Regressor,135.8,141.88602249532423,-6.086022495324215
Gradient Boosting Regressor,15.57,17.08553380914434,-1.5155338091443404
Gradient Boosting Regressor,39.0,37.721756194490276,1.2782438055097245
Gradient Boosting Regressor,150.82,154.9067769739934,-4.086776973993409
Gradient Boosting Regressor,82.0,65.00189882872924,16.99810117127076
Gradient Boosting Regressor,22.35,19.162693420199325,3.1873065798006763
Gradient Boosting Regressor,7.75,11.075832631055993,-3.3258326310559934
Gradient Boosting Regressor,30.44,27.600306562178442,2.839693437821559
Gradient Boosting Regressor,31.18,37.072642085477185,-5.892642085477185
Gradient Boosting Regressor,29.45,34.988362953039804,-5.538362953039805
Gradient Boosting Regressor,68.3,63.27828723002042,5.02171276997958
Gradient Boosting Regressor,123.2,131.76619973470838,-8.566199734708377
Gradient Boosting Regressor,75.5,71.082848298015,4.417151701985006
Gradient Boosting Regressor,25.18,25.01855310653891,0.16144689346108976
Gradient Boosting Regressor,107.1,96.29581569035275,10.80418430964724
Gradient Boosting Regressor,32.76,27.020199288428504,5.739800711571494
Gradient Boosting Regressor,49.19,46.08708634507495,3.1029136549250467
Gradient Boosting Regressor,20.92,24.420479818223978,-3.500479818223976
Gradient Boosting Regressor,144.5,150.50106038142496,-6.0010603814249635
Gradient Boosting Regressor,48.15,45.00754537109422,3.1424546289057815
Gradient Boosting Regressor,66.78,61.974503579319865,4.805496420680136
Gradient Boosting Regressor,17.57,20.29304394111362,-2.7230439411136196
Gradient Boosting Regressor,21.6,24.12152004634802,-2.5215200463480194
Gradient Boosting Regressor,57.23,61.062320169016964,-3.832320169016967
Gradient Boosting Regressor,56.63,56.361624214255635,0.26837578574436805
Gradient Boosting Regressor,32.96,32.3111556809246,0.6488443190754012
Gradient Boosting Regressor,65.91,54.63126393063507,11.278736069364925
Gradient Boosting Regressor,14.5,13.366194334571137,1.1338056654288629
Gradient Boosting Regressor,4.57,5.800024630115912,-1.2300246301159117
Gradient Boosting Regressor,16.5,24.024653699549923,-7.524653699549923
Gradient Boosting Regressor,102.8,107.36157081179208,-4.56157081179208
Gradient Boosting Regressor,123.05,122.21642339635851,0.8335766036414896
Gradient Boosting Regressor,58.9,58.29829528957148,0.6017047104285211
Gradient Boosting Regressor,112.22,112.34752956299899,-0.127529562998987
Gradient Boosting Regressor,44.3,42.994368800307704,1.305631199692293
Gradient Boosting Regressor,168.0,161.14958777047318,6.850412229526825
Gradient Boosting Regressor,12.0,7.279307536737049,4.720692463262951
Gradient Boosting Regressor,91.1,85.3351794921762,5.764820507823799
Gradient Boosting Regressor,34.49,34.65957802532188,-0.1695780253218757
Gradient Boosting Regressor,41.3,37.65044834370239,3.6495516562976107
Gradient Boosting Regressor,22.9,51.25958857241299,-28.35958857241299
Gradient Boosting Regressor,23.69,27.223177259989388,-3.5331772599893867
Gradient Boosting Regressor,56.4,60.70219304162362,-4.3021930416236245
Gradient Boosting Regressor,160.0,151.5443819338217,8.455618066178289
Gradient Boosting Regressor,35.08,24.21782270660543,10.86217729339457
Gradient Boosting Regressor,25.73,23.76137443363604,1.9686255663639614
Gradient Boosting Regressor,39.05,36.16888552050365,2.881114479496347
Gradient Boosting Regressor,155.0,151.768400557343,3.231599442657
Gradient Boosting Regressor,169.0,157.91766826513089,11.082331734869115
Gradient Boosting Regressor,62.05,56.81760579531555,5.2323942046844465
Gradient Boosting Regressor,50.85,57.624585677833,-6.774585677832995
Gradient Boosting Regressor,35.31,33.10737415757192,2.202625842428084
Gradient Boosting Regressor,35.08,24.21782270660543,10.86217729339457
Gradient Boosting Regressor,36.3,42.74663903870657,-6.4466390387065715
Gradient Boosting Regressor,24.58,26.345981516113756,-1.765981516113758
Gradient Boosting Regressor,27.22,28.859695171059293,-1.6396951710592944
Gradient Boosting Regressor,13.62,11.208356399745787,2.4116436002542123
Gradient Boosting Regressor,175.9,144.02560698233052,31.87439301766949
Gradient Boosting Regressor,35.87,42.308909708207025,-6.438909708207028
Gradient Boosting Regressor,130.3,147.19806395203693,-16.89806395203692
Gradient Boosting Regressor,14.84,14.485357710601603,0.3546422893983969
Gradient Boosting Regressor,52.83,48.81246724895326,4.017532751046737
Gradient Boosting Regressor,64.5,70.89729410822142,-6.397294108221416
Gradient Boosting Regressor,55.26,49.168708551308875,6.091291448691123
Gradient Boosting Regressor,32.1,31.605766473725755,0.49423352627424677
Gradient Boosting Regressor,21.65,24.115992135291012,-2.465992135291014
Gradient Boosting Regressor,68.1,67.80063659324219,0.2993634067578057
Gradient Boosting Regressor,55.0,50.787845590843474,4.2121544091565255
Gradient Boosting Regressor,45.08,46.972299937412004,-1.8922999374120053
Gradient Boosting Regressor,60.29,58.2492345872506,2.0407654127494013
Gradient Boosting Regressor,65.98,72.79693829239679,-6.8169382923967845
Gradient Boosting Regressor,175.9,166.66784255019547,9.232157449804532
Gradient Boosting Regressor,76.8,70.5181460453018,6.281853954698192
Gradient Boosting Regressor,9.69,12.816875261402028,-3.126875261402029
Gradient Boosting Regressor,55.28,45.717153329883935,9.562846670116066
Gradient Boosting Regressor,197.6,190.09658837410842,7.503411625891573
Gradient Boosting Regressor,61.11,58.67379756092306,2.4362024390769363
Gradient Boosting Regressor,10.54,11.184776384521212,-0.6447763845212133
Gradient Boosting Regressor,123.0,133.515069449932,-10.515069449932014
Gradient Boosting Regressor,73.3,70.96053746538895,2.3394625346110445
Gradient Boosting Regressor,50.77,44.41091088655119,6.35908911344881
Gradient Boosting Regressor,35.75,40.32729280008958,-4.57729280008958
Gradient Boosting Regressor,42.7,42.09924938139439,0.6007506186056162
Gradient Boosting Regressor,6.0,8.399896654100871,-2.3998966541008713
Gradient Boosting Regressor,43.0,44.083348612606585,-1.083348612606585
Gradient Boosting Regressor,18.29,24.37784785145539,-6.08784785145539
Gradient Boosting Regressor,56.14,62.56087685363461,-6.42087685363461
Gradient Boosting Regressor,42.8,42.73940444828009,0.06059555171990638
Gradient Boosting Regressor,36.59,36.7740544303949,-0.18405443039489455
Gradient Boosting Regressor,39.42,48.22707270133329,-8.80707270133329
Gradient Boosting Regressor,59.59,57.828502872017154,1.7614971279828495
Gradient Boosting Regressor,170.9,168.17252123211523,2.727478767884776
Gradient Boosting Regressor,25.08,28.221206387533503,-3.1412063875335043
Gradient Boosting Regressor,33.73,33.09548231284522,0.6345176871547764
Gradient Boosting Regressor,56.14,62.56087685363461,-6.42087685363461
Gradient Boosting Regressor,82.0,85.3120068708145,-3.3120068708145
Gradient Boosting Regressor,97.4,90.0237831941907,7.376216805809307
Gradient Boosting Regressor,177.0,175.4719704507033,1.52802954929669
Gradient Boosting Regressor,55.45,56.166622623088,-0.716622623088
Gradient Boosting Regressor,52.5,54.41113485071158,-1.9111348507115835
Gradient Boosting Regressor,23.79,25.801459605716406,-2.011459605716407
Gradient Boosting Regressor,11.65,9.738956199186564,1.9110438008134363
Gradient Boosting Regressor,36.15,34.62900679154652,1.5209932084534756
Gradient Boosting Regressor,14.4,9.668019835650444,4.731980164349556
Gradient Boosting Regressor,24.4,26.30798620270924,-1.9079862027092425
Gradient Boosting Regressor,36.44,28.995448559290452,7.444551440709546
Gradient Boosting Regressor,44.03,56.166622623088,-12.136622623088002
Gradient Boosting Regressor,60.95,53.47025277243622,7.479747227563784
Gradient Boosting Regressor,42.13,48.213042053255954,-6.0830420532559515
Gradient Boosting Regressor,47.71,41.26715735183697,6.44284264816303
Gradient Boosting Regressor,39.0,40.482692064467024,-1.4826920644670238
Gradient Boosting Regressor,36.94,37.137973150650325,-0.19797315065032706
Gradient Boosting Regressor,119.1,124.08815195340968,-4.988151953409684
Gradient Boosting Regressor,40.06,35.83079752421892,4.229202475781079
Gradient Boosting Regressor,43.57,39.928833643252204,3.641166356747796
Gradient Boosting Regressor,110.42,112.57217590990885,-2.1521759099088484
Gradient Boosting Regressor,43.57,45.19546121467259,-1.6254612146725904
Gradient Boosting Regressor,22.75,29.475365803082518,-6.725365803082518
Gradient Boosting Regressor,56.34,58.34044657705029,-2.0004465770502833
Gradient Boosting Regressor,46.64,50.096117009207425,-3.456117009207425
Gradient Boosting Regressor,28.3,29.898396433804393,-1.5983964338043926
Gradient Boosting Regressor,66.42,59.91832288714328,6.501677112856719
Gradient Boosting Regressor,44.3,39.82738869997671,4.4726113000232885
Gradient Boosting Regressor,17.58,19.27623905568183,-1.6962390556818328
Gradient Boosting Regressor,15.82,17.149176117606856,-1.3291761176068562
Gradient Boosting Regressor,18.13,18.012909232653506,0.11709076734649315
Gradient Boosting Regressor,64.9,71.30456387327985,-6.404563873279841
Gradient Boosting Regressor,45.08,43.69654050110902,1.3834594988909785
Gradient Boosting Regressor,9.01,18.64383039398563,-9.633830393985631
Gradient Boosting Regressor,77.01,98.46111075767566,-21.45111075767565
Gradient Boosting Regressor,25.42,28.477426543600252,-3.0574265436002506
Gradient Boosting Regressor,120.7,127.02949860119045,-6.329498601190451
Gradient Boosting Regressor,23.84,33.297234425159346,-9.457234425159346
Gradient Boosting Regressor,123.4,109.19145204785323,14.208547952146773
Gradient Boosting Regressor,172.5,169.6690696745322,2.83093032546779
Gradient Boosting Regressor,130.3,134.81689153129057,-4.516891531290554
Gradient Boosting Regressor,34.15,28.458284157410638,5.69171584258936
Gradient Boosting Regressor,21.86,28.060633104348423,-6.200633104348423
Gradient Boosting Regressor,24.28,20.809616486516447,3.4703835134835543
Gradient Boosting Regressor,36.45,40.71291487974909,-4.26291487974909
Gradient Boosting Regressor,49.97,47.12060338863658,2.8493966113634173
Gradient Boosting Regressor,59.76,49.42762173048793,10.33237826951207
Gradient Boosting Regressor,41.93,48.213042053255954,-6.283042053255954
Gradient Boosting Regressor,161.6,149.61055313715437,11.989446862845625
Gradient Boosting Regressor,118.7,111.4721967647214,7.2278032352786
Gradient Boosting Regressor,52.91,49.168708551308875,3.741291448691122
Gradient Boosting Regressor,79.3,74.99685007408519,4.303149925914809
Gradient Boosting Regressor,86.7,77.9173479763953,8.782652023604697
Support Vector Regressor,37.43,35.355417123630545,2.0745828763694547
Support Vector Regressor,52.91,46.49719113771683,6.412808862283164
Support Vector Regressor,6.88,10.135682573428909,-3.255682573428909
Support Vector Regressor,27.83,25.298271879504284,2.531728120495714
Support Vector Regressor,42.62,42.520326988799546,0.09967301120045136
Support Vector Regressor,16.0,14.06022268764805,1.93977731235195
Support Vector Regressor,100.1,102.16177146525199,-2.0617714652519936
Support Vector Regressor,11.36,10.64187785232923,0.7181221476707691
Support Vector Regressor,39.15,44.25383682807254,-5.103836828072538
Support Vector Regressor,14.7,21.88352827720388,-7.18352827720388
Support Vector Regressor,44.52,55.75348191767953,-11.233481917679526
Support Vector Regressor,37.43,35.355417123630545,2.0745828763694547
Support Vector Regressor,28.1,34.9104459601704,-6.810445960170398
Support Vector Regressor,114.44,117.12002662068508,-2.6800266206850836
Support Vector Regressor,39.49,43.96718897643903,-4.477188976439031
Support Vector Regressor,168.0,171.52267673050233,-3.522676730502326
Support Vector Regressor,55.32,84.16184277196535,-28.841842771965354
Support Vector Regressor,15.62,15.719898077498328,-0.09989807749832913
Support Vector Regressor,139.3,132.60005212083502,6.699947879164995
Support Vector Regressor,98.3,109.82600671761463,-11.526006717614635
Support Vector Regressor,31.42,28.54771646564369,2.8722835343563133
Support Vector Regressor,39.45,39.350182861765944,0.09981713823405869
Support Vector Regressor,19.99,20.03436607987598,-0.04436607987598151
Support Vector Regressor,10.73,10.829637433470936,-0.09963743347093512
Support Vector Regressor,40.9,38.97883202981556,1.9211679701844417
Support Vector Regressor,35.76,37.32880661496641,-1.5688066149664124
Support Vector Regressor,39.5,54.30568926405146,-14.805689264051459
Support Vector Regressor,107.6,120.64422556643967,-13.044225566439678
Support Vector Regressor,58.4,62.352195412788944,-3.952195412788946
Support Vector Regressor,29.87,29.96204848178276,-0.09204848178275782
Support Vector Regressor,28.6,43.81189966056657,-15.211899660566566
Support Vector Regressor,120.6,106.8979139770935,13.7020860229065
Support Vector Regressor,21.18,19.755691025916207,1.424308974083793
Support Vector Regressor,106.3,104.32288060657983,1.9771193934201676
Support Vector Regressor,9.13,10.097527565454712,-0.9675275654547111
Support Vector Regressor,130.6,134.2766609755953,-3.676660975595297
Support Vector Regressor,44.3,40.26218978092311,4.0378102190768885
Support Vector Regressor,62.5,61.589828941746994,0.910171058253006
Support Vector Regressor,53.52,42.7001277959901,10.819872204009904
Support Vector Regressor,7.0,6.176313120883123,0.8236868791168774
Support Vector Regressor,46.93,46.062815544388286,0.8671844556117136
Support Vector Regressor,85.1,91.68741979028417,-6.587419790284173
Support Vector Regressor,21.3,22.457109949987185,-1.1571099499871842
Support Vector Regressor,12.84,11.734573223406699,1.1054267765933012
Support Vector Regressor,10.39,12.242618405896465,-1.8526184058964645
Support Vector Regressor,19.77,20.119280194048713,-0.34928019404871335
Support Vector Regressor,14.94,19.293806219730655,-4.3538062197306555
Support Vector Regressor,25.18,25.87510708249124,-0.6951070824912406
Support Vector Regressor,23.5,28.956076905402057,-5.456076905402057
Support Vector Regressor,166.7,161.54128351550116,5.158716484498825
Support Vector Regressor,62.1,85.01583680583772,-22.91583680583772
Support Vector Regressor,55.16,56.00919796449684,-0.8491979644968453
Support Vector Regressor,162.8,150.84522461047737,11.954775389522638
Support Vector Regressor,36.84,37.70556011181806,-0.8655601118180556
Support Vector Regressor,50.66,52.13941573751564,-1.4794157375156445
Support Vector Regressor,18.2,21.12979245126526,-2.9297924512652607
Support Vector Regressor,10.0,11.90086892130293,-1.90086892130293
Support Vector Regressor,118.0,108.42540619053777,9.574593809462229
Support Vector Regressor,25.57,22.40304982161787,3.1669501783821303
Support Vector Regressor,38.02,38.654663739878295,-0.6346637398782917
Support Vector Regressor,12.18,12.599582405869725,-0.4195824058697255
Support Vector Regressor,18.0,11.39673780139131,6.6032621986086895
Support Vector Regressor,21.95,23.113661859685138,-1.1636618596851385
Support Vector Regressor,44.7,44.800280260093714,-0.1002802600937116
Support Vector Regressor,220.2,212.21131362739027,7.98868637260972
Support Vector Regressor,28.0,30.899572859290288,-2.899572859290288
Support Vector Regressor,25.45,25.868063375963374,-0.4180633759633743
Support Vector Regressor,50.08,54.080140197605154,-4.000140197605155
Support Vector Regressor,15.09,19.021125666044952,-3.9311256660449523
Support Vector Regressor,33.12,43.85763118238769,-10.737631182387695
Support Vector Regressor,9.85,9.847846193258022,0.0021538067419779594
Support Vector Regressor,178.1,174.74514964792746,3.354850352072532
Support Vector Regressor,41.68,31.442764024824427,10.237235975175572
Support Vector Regressor,50.95,49.14182252252552,1.80817747747448
Support Vector Regressor,52.44,48.395869862222966,4.044130137777032
Support Vector Regressor,31.42,28.673136007517428,2.7468639924825737
Support Vector Regressor,12.55,13.442479841810155,-0.8924798418101538
Support Vector Regressor,44.21,39.599627464088236,4.610372535911765
Support Vector Regressor,60.2,60.56232113040613,-0.36232113040613
Support Vector Regressor,31.97,29.889043026471157,2.080956973528842
Support Vector Regressor,40.86,29.9774510845143,10.8825489154857
Support Vector Regressor,46.64,48.389809243525455,-1.7498092435254549
Support Vector Regressor,53.46,50.19149648070997,3.2685035192900287
Support Vector Regressor,37.36,33.90423836166796,3.455761638332042
Support Vector Regressor,26.31,23.97758634129974,2.3324136587002577
Support Vector Regressor,138.3,140.67885135831816,-2.378851358318144
Support Vector Regressor,68.0,74.7085062252464,-6.708506225246396
Support Vector Regressor,159.1,144.04684046704386,15.05315953295613
Support Vector Regressor,41.1,40.99999937879014,0.10000062120985831
Support Vector Regressor,71.99,72.09004336575165,-0.10004336575165951
Support Vector Regressor,55.55,47.9328378290314,7.617162170968598
Support Vector Regressor,19.11,21.816178174905744,-2.7061781749057445
Support Vector Regressor,177.2,172.9875546063754,4.212445393624591
Support Vector Regressor,144.7,145.30795420258042,-0.6079542025804301
Support Vector Regressor,36.8,38.19061557297173,-1.3906155729717327
Support Vector Regressor,35.85,43.86917064411573,-8.019170644115725
Support Vector Regressor,66.43,61.005690796366046,5.42430920363396
Support Vector Regressor,43.0,43.46171194233379,-0.46171194233379254
Support Vector Regressor,24.29,19.48202721463319,4.8079727853668075
Support Vector Regressor,67.57,62.798903741810385,4.771096258189608
Support Vector Regressor,41.54,46.48193261486889,-4.94193261486889
Support Vector Regressor,71.62,67.31997913350315,4.300020866496851
Support Vector Regressor,79.99,61.71530057270159,18.27469942729841
Support Vector Regressor,192.2,188.09999959834556,4.100000401654427
Support Vector Regressor,29.41,26.58891984677672,2.8210801532232814
Support Vector Regressor,20.42,17.322103661482842,3.0978963385171596
Support Vector Regressor,122.9,127.49972045200346,-4.599720452003453
Support Vector Regressor,111.0,110.51766809542598,0.48233190457402486
Support Vector Regressor,27.63,29.018623430357067,-1.3886234303570681
Support Vector Regressor,38.27,37.53766039958,0.7323396004200049
Support Vector Regressor,19.52,18.554032205332618,0.9659677946673817
Support Vector Regressor,32.63,30.49052663616166,2.1394733638383414
Support Vector Regressor,49.71,53.43151245215064,-3.721512452150641
Support Vector Regressor,116.2,120.1499300334992,-3.9499300334992
Support Vector Regressor,156.1,166.99994117898495,-10.89994117898496
Support Vector Regressor,39.94,39.5663860050027,0.3736139949972994
Support Vector Regressor,103.5,103.7831633821725,-0.2831633821725035
Support Vector Regressor,75.8,94.73404289564418,-18.934042895644183
Support Vector Regressor,35.23,23.550611948922636,11.67938805107736
Support Vector Regressor,123.66,109.55211036195524,14.107889638044753
Support Vector Regressor,153.9,136.72758806758134,17.17241193241867
Support Vector Regressor,53.77,48.46648866287489,5.303511337125116
Support Vector Regressor,26.86,26.821003649471834,0.038996350528165635
Support Vector Regressor,34.9,37.85104272279172,-2.951042722791719
Support Vector Regressor,103.0,118.2064857913804,-15.206485791380402
Support Vector Regressor,61.14,63.673662324982494,-2.533662324982494
Support Vector Regressor,21.29,18.921718341958425,2.3682816580415746
Support Vector Regressor,108.3,114.66635587161237,-6.36635587161237
Support Vector Regressor,52.53,46.01767743571046,6.512322564289541
Support Vector Regressor,33.69,34.1409289308559,-0.4509289308559019
Support Vector Regressor,117.5,127.24511654974243,-9.745116549742434
Support Vector Regressor,49.2,42.72910792358242,6.470892076417584
Support Vector Regressor,38.0,41.12803983344839,-3.1280398334483905
Support Vector Regressor,29.22,28.945277284571716,0.2747227154282825
Support Vector Regressor,31.02,32.271655173772835,-1.2516551737728356
Support Vector Regressor,15.87,17.00381784907836,-1.1338178490783601
Support Vector Regressor,130.2,125.2323591166554,4.967640883344586
Support Vector Regressor,96.3,92.22732853069401,4.072671469305988
Support Vector Regressor,57.23,58.42072960874653,-1.1907296087465298
Support Vector Regressor,55.26,52.744991848130454,2.5150081518695444
Support Vector Regressor,18.91,15.32452867264324,3.5854713273567604
Support Vector Regressor,9.45,14.597667476367718,-5.147667476367719
Support Vector Regressor,50.53,57.076977182501,-6.546977182500996
Support Vector Regressor,29.93,23.28572313217964,6.644276867820359
Support Vector Regressor,124.94,135.15169442742794,-10.211694427427943
Support Vector Regressor,14.54,25.455211719285145,-10.915211719285146
Support Vector Regressor,49.3,55.501064183689415,-6.201064183689418
Support Vector Regressor,28.99,29.92256913518918,-0.9325691351891798
Support Vector Regressor,9.99,9.500226008810415,0.4897739911895851
Support Vector Regressor,9.56,18.11599145359719,-8.555991453597189
Support Vector Regressor,13.4,22.230816650497616,-8.830816650497615
Support Vector Regressor,26.85,26.00661539363864,0.8433846063613615
Support Vector Regressor,124.1,127.27064242518254,-3.1706424251825496
Support Vector Regressor,161.9,164.23157598546769,-2.33157598546768
Support Vector Regressor,28.63,30.147853257516033,-1.517853257516034
Support Vector Regressor,36.94,35.31579888033613,1.6242011196638657
Support Vector Regressor,46.23,50.87162702737818,-4.641627027378185
Support Vector Regressor,43.7,42.23295992792435,1.4670400720756547
Support Vector Regressor,17.54,18.69954609199982,-1.1595460919998217
Support Vector Regressor,44.21,43.50845184072369,0.7015481592763138
Support Vector Regressor,43.89,43.40629185562934,0.48370814437065945
Support Vector Regressor,160.6,147.61946656970335,12.980533430296646
Support Vector Regressor,31.35,33.5008061291845,-2.1508061291844953
Support Vector Regressor,36.97,40.09301090057334,-3.123010900573341
Support Vector Regressor,32.4,35.99921643708272,-3.599216437082724
Support Vector Regressor,24.29,19.48202721463319,4.8079727853668075
Support Vector Regressor,92.8,96.19431558630534,-3.394315586305339
Support Vector Regressor,179.0,185.5586897297512,-6.558689729751194
Support Vector Regressor,29.23,28.592202442208077,0.6377975577919237
Support Vector Regressor,16.28,18.653148205539665,-2.373148205539664
Support Vector Regressor,122.93,119.68760298586861,3.2423970141313987
Support Vector Regressor,130.6,136.1980907268043,-5.598090726804315
Support Vector Regressor,83.6,77.0725442977444,6.527455702255594
Support Vector Regressor,77.8,100.10336265595377,-22.303362655953777
Support Vector Regressor,33.19,33.608723600732134,-0.418723600732136
Support Vector Regressor,26.91,30.028237636764047,-3.1182376367640465
Support Vector Regressor,33.04,37.54584858944408,-4.505848589444078
Support Vector Regressor,147.7,145.62790311366314,2.072096886336851
Support Vector Regressor,20.0,22.15600339779047,-2.156003397790471
Support Vector Regressor,36.15,36.748956757295986,-0.5989567572959871
Support Vector Regressor,21.48,20.65687310231796,0.823126897682041
Support Vector Regressor,40.86,29.9774510845143,10.8825489154857
Support Vector Regressor,12.84,11.734573223406699,1.1054267765933012
Support Vector Regressor,96.5,86.29239957238353,10.20760042761647
Support Vector Regressor,170.5,172.5552883691544,-2.055288369154397
Support Vector Regressor,167.7,170.7314797768749,-3.031479776874903
Support Vector Regressor,125.0,118.54301791965405,6.456982080345952
Support Vector Regressor,14.14,20.685897875940455,-6.5458978759404545
Support Vector Regressor,11.58,11.544177151787167,0.03582284821283288
Support Vector Regressor,115.5,118.66575738083138,-3.16575738083138
Support Vector Regressor,51.06,51.16038928760004,-0.10038928760003785
Support Vector Regressor,65.91,58.15174350519224,7.758256494807753
Support Vector Regressor,41.37,48.89862468297476,-7.528624682974765
Support Vector Regressor,193.5,188.09999959834556,5.400000401654438
Support Vector Regressor,40.68,36.42688266665076,4.253117333349238
Support Vector Regressor,26.14,28.57011074345803,-2.4301107434580302
Support Vector Regressor,119.7,142.1221239260522,-22.42212392605221
Support Vector Regressor,20.59,16.11249323637432,4.47750676362568
Support Vector Regressor,170.0,170.72366610291985,-0.7236661029198501
Support Vector Regressor,15.44,17.61097230563945,-2.1709723056394505
Support Vector Regressor,25.69,19.26882588641564,6.42117411358436
Support Vector Regressor,30.45,28.25360475772355,2.1963952422764486
Support Vector Regressor,109.2,110.98533829124946,-1.7853382912494595
Support Vector Regressor,67.7,56.18422361512856,11.515776384871444
Support Vector Regressor,32.11,32.91934407482287,-0.8093440748228673
Support Vector Regressor,70.3,103.2508120977632,-32.950812097763205
Support Vector Regressor,77.9,107.71982728466958,-29.81982728466957
Support Vector Regressor,31.84,30.893521393304226,0.9464786066957735
Support Vector Regressor,34.77,34.670181541551194,0.09981845844880866
Support Vector Regressor,53.1,68.41677143080935,-15.316771430809347
Support Vector Regressor,42.95,38.6064000196565,4.343599980343505
Support Vector Regressor,202.2,188.09999959834556,14.100000401654427
Support Vector Regressor,49.77,41.38639268638427,8.383607313615734
Support Vector Regressor,37.27,45.52898654627113,-8.258986546271124
Support Vector Regressor,93.8,100.45161658643637,-6.651616586436376
Support Vector Regressor,31.03,23.755804836735194,7.274195163264807
Support Vector Regressor,157.2,132.90201071120686,24.297989288793133
Support Vector Regressor,27.23,27.330117241000536,-0.10011724100053598
Support Vector Regressor,53.08,96.41948827498433,-43.33948827498433
Support Vector Regressor,30.12,32.860792762367794,-2.740792762367793
Support Vector Regressor,139.2,122.04545741224263,17.154542587757362
Support Vector Regressor,39.64,36.891242098594496,2.7487579014055044
Support Vector Regressor,78.0,101.17883389802722,-23.17883389802722
Support Vector Regressor,36.1,77.28792787629611,-41.18792787629611
Support Vector Regressor,16.26,17.626732007070444,-1.3667320070704427
Support Vector Regressor,54.32,54.594549908404595,-0.2745499084045946
Support Vector Regressor,45.85,31.892948795838862,13.95705120416114
Support Vector Regressor,154.4,131.8433734955292,22.556626504470813
Support Vector Regressor,50.46,50.55981551602262,-0.09981551602261618
Support Vector Regressor,46.39,36.93410459341133,9.455895406588674
Support Vector Regressor,53.0,97.96923006255616,-44.969230062556164
Support Vector Regressor,37.0,44.2797542890655,-7.279754289065501
Support Vector Regressor,53.96,51.39632988471723,2.5636701152827683
Support Vector Regressor,39.42,42.22638586000306,-2.8063858600030613
Support Vector Regressor,68.75,64.78462396092497,3.965376039075025
Support Vector Regressor,146.5,116.34349461853495,30.156505381465053
Support Vector Regressor,31.27,31.96178832989351,-0.6917883298935088
Support Vector Regressor,11.17,10.919000648434206,0.25099935156579356
Support Vector Regressor,133.3,135.1201355253789,-1.8201355253789018
Support Vector Regressor,72.3,72.17223295999872,0.1277670400012738
Support Vector Regressor,27.68,31.859409584044116,-4.179409584044116
Support Vector Regressor,130.7,138.8004740717985,-8.100474071798516
Support Vector Regressor,55.0,45.65856668726907,9.341433312730928
Support Vector Regressor,20.73,19.02988828708581,1.7001117129141896
Support Vector Regressor,143.0,142.6894546257913,0.31054537420868655
Support Vector Regressor,111.5,105.43990635425037,6.060093645749632
Support Vector Regressor,43.0,47.21780108101376,-4.217801081013761
Support Vector Regressor,68.9,95.64268022839408,-26.74268022839408
Support Vector Regressor,23.52,25.258275124037453,-1.7382751240374539
Support Vector Regressor,61.86,61.76008668128781,0.09991331871218989
Support Vector Regressor,22.72,21.448239951591077,1.2717600484089218
Support Vector Regressor,125.56,104.91601655671201,20.643983443287993
Support Vector Regressor,11.98,16.198647615924116,-4.218647615924116
Support Vector Regressor,103.18,99.80136663870502,3.3786333612949875
Support Vector Regressor,71.9,73.01969902209231,-1.1196990220923055
Support Vector Regressor,39.23,43.37284129627704,-4.142841296277041
Support Vector Regressor,12.73,12.008219997966151,0.7217800020338494
Support Vector Regressor,37.68,48.404533230938334,-10.724533230938334
Support Vector Regressor,71.7,76.10608311873725,-4.406083118737243
Support Vector Regressor,24.28,20.110027380834083,4.169972619165918
Support Vector Regressor,60.29,55.00699700505173,5.283002994948269
Support Vector Regressor,56.4,54.211661358180805,2.1883386418191932
Support Vector Regressor,38.0,27.677226362874862,10.322773637125138
Support Vector Regressor,31.97,29.889043026471157,2.080956973528842
Support Vector Regressor,100.2,103.85900543264589,-3.659005432645884
Support Vector Regressor,62.9,61.96277803509525,0.9372219649047508
Support Vector Regressor,38.46,39.292319766826466,-0.8323197668264655
Support Vector Regressor,147.3,124.16795610290458,23.13204389709543
Support Vector Regressor,79.3,77.64853375324981,1.6514662467501893
Support Vector Regressor,29.59,37.649815811386375,-8.059815811386375
Support Vector Regressor,56.62,52.98486873951679,3.635131260483206
Support Vector Regressor,24.85,27.324840815319504,-2.474840815319503
Support Vector Regressor,19.93,12.684630873017866,7.245369126982133
Support Vector Regressor,108.6,97.32220388817963,11.277796111820365
Support Vector Regressor,74.17,74.07018682129006,0.09981317870993678
Support Vector Regressor,19.74,16.442688437259378,3.297311562740621
Support Vector Regressor,165.0,170.0684590626587,-5.06845906265869
Support Vector Regressor,94.5,97.32022610711454,-2.820226107114536
Support Vector Regressor,33.3,33.520321611452374,-0.22032161145237694
Support Vector Regressor,17.82,18.81661344402795,-0.9966134440279504
Support Vector Regressor,26.74,36.34670750608616,-9.606707506086163
Support Vector Regressor,44.14,50.70432927561214,-6.564329275612138
Support Vector Regressor,133.0,140.7925219958974,-7.792521995897403
Support Vector Regressor,126.0,130.34783532288816,-4.347835322888159
Support Vector Regressor,54.28,54.74900406499682,-0.4690040649968168
Support Vector Regressor,173.2,167.6666428989601,5.533357101039883
Support Vector Regressor,105.37,105.22675802640377,0.1432419735962327
Support Vector Regressor,108.3,107.45354142789486,0.846458572105135
Support Vector Regressor,15.75,14.918728611611499,0.831271388388501
Support Vector Regressor,24.07,24.35138122975185,-0.281381229751851
Support Vector Regressor,55.9,42.84034485701178,13.05965514298822
Support Vector Regressor,51.02,51.0924298653275,-0.07242986532749995
Support Vector Regressor,139.0,138.46316334963217,0.5368366503678317
Support Vector Regressor,153.3,125.8410877172436,27.458912282756415
Support Vector Regressor,43.73,38.1774229050576,5.5525770949424
Support Vector Regressor,8.0,10.21672082329792,-2.216720823297919
Support Vector Regressor,82.09,97.55738195084732,-15.467381950847312
Support Vector Regressor,45.0,41.80752754109521,3.1924724589047884
Support Vector Regressor,35.17,40.51797359266998,-5.34797359266998
Support Vector Regressor,45.9,37.730528678498594,8.169471321501405
Support Vector Regressor,37.91,38.29937861165412,-0.3893786116541236
Support Vector Regressor,31.87,30.0269391745896,1.8430608254104008
Support Vector Regressor,71.3,58.56643886407453,12.73356113592547
Support Vector Regressor,25.48,16.481281191341196,8.998718808658804
Support Vector Regressor,39.42,42.16681196460591,-2.746811964605911
Support Vector Regressor,113.9,121.99648025670025,-8.096480256700247
Support Vector Regressor,57.9,81.61777357218412,-23.71777357218412
Support Vector Regressor,44.4,41.269487000010436,3.1305129999895627
Support Vector Regressor,36.35,35.76556668270859,0.5844333172914133
Support Vector Regressor,11.39,10.204647862660607,1.1853521373393932
Support Vector Regressor,37.17,34.967633129966245,2.2023668700337566
Support Vector Regressor,16.0,22.47224172836205,-6.47224172836205
Support Vector Regressor,21.5,23.773541028726754,-2.273541028726754
Support Vector Regressor,29.59,37.649815811386375,-8.059815811386375
Support Vector Regressor,79.69,84.69848833812284,-5.008488338122845
Support Vector Regressor,77.3,72.16526659632919,5.134733403670808
Support Vector Regressor,99.33,104.0891504772588,-4.7591504772588
Support Vector Regressor,33.0,25.4101241131373,7.5898758868627
Support Vector Regressor,37.36,33.60108939759383,3.758910602406168
Support Vector Regressor,33.76,33.8597919658463,-0.09979196584630046
Support Vector Regressor,127.4,123.33176174693935,4.068238253060656
Support Vector Regressor,42.64,34.923752560235926,7.716247439764075
Support Vector Regressor,46.08,48.36168076486288,-2.281680764862884
Support Vector Regressor,18.2,21.12979245126526,-2.9297924512652607
Support Vector Regressor,8.06,6.536099118257098,1.523900881742902
Support Vector Regressor,10.54,10.639920319718001,-0.0999203197180023
Support Vector Regressor,15.07,11.78213735427532,3.2878626457246796
Support Vector Regressor,64.4,56.801426953803684,7.5985730461963215
Support Vector Regressor,48.32,58.896663758717686,-10.576663758717686
Support Vector Regressor,17.84,21.192543301244328,-3.352543301244328
Support Vector Regressor,29.98,37.27932143781177,-7.299321437811766
Support Vector Regressor,12.18,12.08029597364758,0.09970402635241982
Support Vector Regressor,160.1,146.56911054436299,13.53088945563701
Support Vector Regressor,31.81,27.77521668020482,4.034783319795178
Support Vector Regressor,108.73,113.0642795815373,-4.334279581537302
Support Vector Regressor,23.08,21.035507506062217,2.0444924939377813
Support Vector Regressor,21.29,18.921718341958425,2.3682816580415746
Support Vector Regressor,73.3,79.3230344906492,-6.023034490649209
Support Vector Regressor,51.3,55.501064183689415,-4.201064183689418
Support Vector Regressor,14.6,13.504577247440054,1.095422752559946
Support Vector Regressor,15.57,18.832487529299712,-3.2624875292997118
Support Vector Regressor,77.3,72.16526659632919,5.134733403670808
Support Vector Regressor,21.59,20.906742011910765,0.6832579880892347
Support Vector Regressor,30.23,26.258341369133475,3.971658630866525
Support Vector Regressor,39.42,42.22638586000306,-2.8063858600030613
Support Vector Regressor,40.87,40.83321159783759,0.03678840216240786
Support Vector Regressor,52.2,38.97830230281427,13.221697697185732
Support Vector Regressor,69.66,74.60169196538966,-4.941691965389666
Support Vector Regressor,54.6,52.24601616519362,2.353983834806378
Support Vector Regressor,53.1,94.8934401802722,-41.79344018027219
Support Vector Regressor,21.83,21.278511026277926,0.5514889737220727
Support Vector Regressor,148.6,140.39086645761438,8.209133542385615
Support Vector Regressor,71.3,58.56643886407453,12.73356113592547
Support Vector Regressor,129.79,111.92950091169892,17.86049908830107
Support Vector Regressor,53.52,53.09577596548957,0.42422403451043067
Support Vector Regressor,111.0,85.49828657169132,25.501713428308676
Support Vector Regressor,47.1,47.302971488734165,-0.20297148873416404
Support Vector Regressor,71.3,58.56643886407453,12.73356113592547
Support Vector Regressor,2.33,6.698824779028087,-4.3688247790280865
Support Vector Regressor,33.54,33.64011132070952,-0.100111320709523
Support Vector Regressor,76.0,127.52498223819308,-51.524982238193076
Support Vector Regressor,36.99,32.383657444695665,4.606342555304337
Support Vector Regressor,36.35,35.76556668270859,0.5844333172914133
Support Vector Regressor,149.7,132.60005212083502,17.099947879164972
Support Vector Regressor,44.87,31.99849384223262,12.871506157767378
Support Vector Regressor,42.14,40.94132854156462,1.1986714584353777
Support Vector Regressor,31.97,28.316877770389155,3.653122229610844
Support Vector Regressor,35.36,35.36816389963576,-0.00816389963576114
Support Vector Regressor,48.28,39.57560076383102,8.704399236168982
Support Vector Regressor,21.91,24.273690529828727,-2.3636905298287267
Support Vector Regressor,204.4,150.902771969585,53.497228030415016
Support Vector Regressor,40.0,34.79298439033466,5.207015609665341
Support Vector Regressor,13.46,18.026469151082267,-4.566469151082266
Support Vector Regressor,82.6,82.64031438761461,-0.04031438761461459
Support Vector Regressor,197.9,188.09999959834556,9.800000401654444
Support Vector Regressor,50.66,52.13941573751564,-1.4794157375156445
Support Vector Regressor,136.34,127.6553437269564,8.6846562730436
Support Vector Regressor,39.16,36.36250057238612,2.7974994276138787
Support Vector Regressor,59.0,89.01597817414115,-30.015978174141154
Support Vector Regressor,68.49,102.39579764311337,-33.905797643113374
Support Vector Regressor,40.15,36.96212190529031,3.1878780947096885
Support Vector Regressor,37.72,45.71994352345859,-7.99994352345859
Support Vector Regressor,39.61,38.64020607998747,0.9697939200125276
Support Vector Regressor,28.63,30.870845879125497,-2.240845879125498
Support Vector Regressor,37.4,31.297814791508614,6.102185208491385
Support Vector Regressor,35.85,43.86917064411573,-8.019170644115725
Support Vector Regressor,195.2,200.49850796389663,-5.29850796389664
Support Vector Regressor,150.0,146.95627678412222,3.043723215877776
Support Vector Regressor,35.76,37.32880661496641,-1.5688066149664124
Support Vector Regressor,39.1,54.30568926405146,-15.205689264051458
Support Vector Regressor,33.01,28.66446157405109,4.345538425948909
Support Vector Regressor,25.46,25.790127414927,-0.3301274149269986
Support Vector Regressor,74.5,66.87982252487441,7.620177475125587
Support Vector Regressor,15.36,20.70187749506735,-5.341877495067351
Support Vector Regressor,57.2,47.70038178799199,9.499618212008016
Support Vector Regressor,151.8,142.25461379749333,9.545386202506677
Support Vector Regressor,51.04,50.870893082249225,0.16910691775077424
Support Vector Regressor,128.8,131.4598098701935,-2.6598098701934987
Support Vector Regressor,116.31,144.8196286467531,-28.5096286467531
Support Vector Regressor,22.75,34.458404655708875,-11.708404655708875
Support Vector Regressor,48.4,42.08356701559616,6.316432984403839
Support Vector Regressor,69.0,68.82643046156856,0.17356953843143685
Support Vector Regressor,49.99,53.816311176294036,-3.826311176294034
Support Vector Regressor,46.93,46.062815544388286,0.8671844556117136
Support Vector Regressor,114.9,114.66635587161237,0.23364412838763826
Support Vector Regressor,32.11,32.91934407482287,-0.8093440748228673
Support Vector Regressor,124.7,110.91395133458492,13.78604866541508
Support Vector Regressor,27.68,31.755131631056017,-4.075131631056017
Support Vector Regressor,37.33,33.684499957918895,3.6455000420811032
Support Vector Regressor,52.83,47.33757744735719,5.492422552642807
Support Vector Regressor,125.1,126.31166235808068,-1.2116623580806873
Support Vector Regressor,122.93,115.95415044945263,6.97584955054738
Support Vector Regressor,50.53,57.076977182501,-6.546977182500996
Support Vector Regressor,74.5,66.87982252487441,7.620177475125587
Support Vector Regressor,24.0,24.487216815202487,-0.48721681520248694
Support Vector Regressor,63.14,47.464353193216596,15.675646806783405
Support Vector Regressor,56.83,50.57782579848689,6.252174201513107
Support Vector Regressor,92.48,83.9628258178306,8.517174182169398
Support Vector Regressor,51.96,52.63034950580292,-0.6703495058029176
Support Vector Regressor,65.35,75.40542024571322,-10.055420245713222
Support Vector Regressor,38.22,49.86735629740713,-11.647356297407129
Support Vector Regressor,52.3,43.868376793207204,8.431623206792793
Support Vector Regressor,184.4,188.09999959834556,-3.6999995983455563
Support Vector Regressor,66.78,64.78462396092497,1.9953760390750261
Support Vector Regressor,14.7,21.88352827720388,-7.18352827720388
Support Vector Regressor,38.21,35.1522201113581,3.057779888641903
Support Vector Regressor,178.0,174.2356067808193,3.764393219180704
Support Vector Regressor,51.73,53.906328327579544,-2.1763283275795473
Support Vector Regressor,24.24,25.8055781262901,-1.5655781262901023
Support Vector Regressor,4.83,9.960553235563253,-5.130553235563253
Support Vector Regressor,45.37,54.70233436617584,-9.332334366175843
Support Vector Regressor,47.71,37.4957408928008,10.214259107199204
Support Vector Regressor,175.8,150.45895026561163,25.341049734388378
Support Vector Regressor,20.0,22.3708806906008,-2.3708806906007993
Support Vector Regressor,67.61,82.89543215566502,-15.28543215566502
Support Vector Regressor,25.18,24.853160482955957,0.3268395170440428
Support Vector Regressor,41.05,44.6475286191242,-3.597528619124205
Support Vector Regressor,37.17,34.931174776800646,2.238825223199356
Support Vector Regressor,74.7,56.250876365003435,18.449123634996567
Support Vector Regressor,13.29,11.865667005942058,1.4243329940579414
Support Vector Regressor,52.82,47.456126914115444,5.363873085884556
Support Vector Regressor,41.54,40.285010626531665,1.2549893734683337
Support Vector Regressor,17.54,17.640138053076427,-0.10013805307642798
Support Vector Regressor,33.4,36.430438582236164,-3.0304385822361652
Support Vector Regressor,9.45,14.597667476367718,-5.147667476367719
Support Vector Regressor,29.79,34.278020548362335,-4.488020548362336
Support Vector Regressor,27.53,25.024358003743643,2.505641996256358
Support Vector Regressor,40.06,32.126817169825195,7.9331828301748075
Support Vector Regressor,29.23,28.592202442208077,0.6377975577919237
Support Vector Regressor,39.7,37.106707048922495,2.5932929510775082
Support Vector Regressor,15.52,21.433505422427302,-5.913505422427303
Support Vector Regressor,15.04,14.87255001187691,0.16744998812308864
Support Vector Regressor,116.5,119.9182173869903,-3.4182173869903067
Support Vector Regressor,44.33,41.98385955113431,2.3461404488656896
Support Vector Regressor,31.38,35.03185471425069,-3.6518547142506925
Support Vector Regressor,15.34,19.18982431748333,-3.8498243174833284
Support Vector Regressor,84.3,107.34688110764873,-23.04688110764873
Support Vector Regressor,53.52,42.7001277959901,10.819872204009904
Support Vector Regressor,80.2,69.4649632506944,10.735036749305607
Support Vector Regressor,18.03,15.996825922238955,2.0331740777610463
Support Vector Regressor,29.55,29.449899302843306,0.10010069715669445
Support Vector Regressor,45.0,38.27544120873855,6.724558791261451
Support Vector Regressor,82.8,102.65266506265517,-19.852665062655177
Support Vector Regressor,146.31,134.08516943360345,12.224830566396548
Support Vector Regressor,135.8,124.08107178384103,11.718928216158986
Support Vector Regressor,15.57,18.79341604844838,-3.223416048448378
Support Vector Regressor,39.0,38.239121859015306,0.7608781409846941
Support Vector Regressor,150.82,134.23222149728332,16.587778502716674
Support Vector Regressor,82.0,115.3611898448265,-33.3611898448265
Support Vector Regressor,22.35,19.319043589389366,3.030956410610635
Support Vector Regressor,7.75,12.58730927898607,-4.837309278986069
Support Vector Regressor,30.44,25.144412177202895,5.295587822797106
Support Vector Regressor,31.18,35.662009464052204,-4.482009464052204
Support Vector Regressor,29.45,32.632771471721185,-3.1827714717211855
Support Vector Regressor,68.3,61.56308697508421,6.736913024915786
Support Vector Regressor,123.2,134.55660109372076,-11.356601093720755
Support Vector Regressor,75.5,71.40116563269439,4.098834367305614
Support Vector Regressor,25.18,25.87510708249124,-0.6951070824912406
Support Vector Regressor,107.1,113.81699271838407,-6.716992718384077
Support Vector Regressor,32.76,30.8684452954392,1.8915547045607966
Support Vector Regressor,49.19,45.68579684469469,3.504203155305305
Support Vector Regressor,20.92,20.175533805280267,0.7444661947197346
Support Vector Regressor,144.5,147.5905349360218,-3.090534936021811
Support Vector Regressor,48.15,48.62024796433017,-0.47024796433017
Support Vector Regressor,66.78,64.78462396092497,1.9953760390750261
Support Vector Regressor,17.57,21.438727543614462,-3.8687275436144617
Support Vector Regressor,21.6,20.589118071903613,1.0108819280963885
Support Vector Regressor,57.23,58.42072960874653,-1.1907296087465298
Support Vector Regressor,56.63,56.223167475940606,0.4068325240593964
Support Vector Regressor,32.96,33.07826252177601,-0.11826252177601049
Support Vector Regressor,65.91,58.15174350519224,7.758256494807753
Support Vector Regressor,14.5,14.02712000442476,0.47287999557524074
Support Vector Regressor,4.57,6.126462850731912,-1.5564628507319114
Support Vector Regressor,16.5,21.174785226646705,-4.674785226646705
Support Vector Regressor,102.8,97.12766014236017,5.672339857639827
Support Vector Regressor,123.05,87.78413563013719,35.26586436986281
Support Vector Regressor,58.9,69.97171863428369,-11.071718634283691
Support Vector Regressor,112.22,117.12002662068508,-4.900026620685082
Support Vector Regressor,44.3,38.5391599580724,5.760840041927594
Support Vector Regressor,168.0,172.91993866385593,-4.91993866385593
Support Vector Regressor,12.0,8.130894528356649,3.8691054716433513
Support Vector Regressor,91.1,122.9443427887537,-31.844342788753707
Support Vector Regressor,34.49,32.7819589803891,1.7080410196109028
Support Vector Regressor,41.3,45.023242112489484,-3.723242112489487
Support Vector Regressor,22.9,42.84034485701178,-19.94034485701178
Support Vector Regressor,23.69,26.16332199892244,-2.47332199892244
Support Vector Regressor,56.4,54.211661358180805,2.1883386418191932
Support Vector Regressor,160.0,156.79251011737364,3.207489882626362
Support Vector Regressor,35.08,29.608384465050108,5.4716155349498905
Support Vector Regressor,25.73,22.67760327457657,3.0523967254234314
Support Vector Regressor,39.05,36.29641313965141,2.753586860348584
Support Vector Regressor,155.0,148.47456096436983,6.525439035630171
Support Vector Regressor,169.0,163.9924978549744,5.007502145025597
Support Vector Regressor,62.05,50.93736018358695,11.11263981641305
Support Vector Regressor,50.85,58.896663758717686,-8.046663758717685
Support Vector Regressor,35.31,29.874822156855615,5.435177843144388
Support Vector Regressor,35.08,29.608384465050108,5.4716155349498905
Support Vector Regressor,36.3,38.06928417134714,-1.7692841713471452
Support Vector Regressor,24.58,28.206498681276074,-3.6264986812760753
Support Vector Regressor,27.22,27.577437042049596,-0.3574370420495967
Support Vector Regressor,13.62,13.992639503493976,-0.3726395034939767
Support Vector Regressor,175.9,154.15265398456927,21.747346015430736
Support Vector Regressor,35.87,37.772244498640305,-1.9022444986403073
Support Vector Regressor,130.3,141.61606595628763,-11.316065956287616
Support Vector Regressor,14.84,15.361727424531736,-0.5217274245317363
Support Vector Regressor,52.83,47.33757744735719,5.492422552642807
Support Vector Regressor,64.5,95.99161682390834,-31.491616823908345
Support Vector Regressor,55.26,52.744991848130454,2.5150081518695444
Support Vector Regressor,32.1,33.27028743763768,-1.1702874376376755
Support Vector Regressor,21.65,23.70290426374308,-2.0529042637430805
Support Vector Regressor,68.1,71.2418460476412,-3.1418460476412093
Support Vector Regressor,55.0,58.737337956473745,-3.737337956473745
Support Vector Regressor,45.08,51.07811184483388,-5.998111844833879
Support Vector Regressor,60.29,55.00699700505173,5.283002994948269
Support Vector Regressor,65.98,65.97180607786609,0.008193922133912679
Support Vector Regressor,175.9,174.82517283391786,1.0748271660821445
Support Vector Regressor,76.8,76.69986438503847,0.10013561496153045
Support Vector Regressor,9.69,13.023345802649715,-3.333345802649715
Support Vector Regressor,55.28,40.57770305171384,14.702296948286161
Support Vector Regressor,197.6,188.09999959834556,9.500000401654432
Support Vector Regressor,61.11,56.25271653842719,4.857283461572813
Support Vector Regressor,10.54,10.471404363495921,0.06859563650407807
Support Vector Regressor,123.0,124.93698735561904,-1.9369873556190385
Support Vector Regressor,73.3,79.3230344906492,-6.023034490649209
Support Vector Regressor,50.77,41.42536624375424,9.344633756245763
Support Vector Regressor,35.75,37.51856381758338,-1.7685638175833773
Support Vector Regressor,42.7,42.56606326556831,0.13393673443169263
Support Vector Regressor,6.0,10.446901508706375,-4.446901508706375
Support Vector Regressor,43.0,44.983134452234175,-1.9831344522341752
Support Vector Regressor,18.29,24.956409917218636,-6.666409917218637
Support Vector Regressor,56.14,65.20076100603802,-9.060761006038021
Support Vector Regressor,42.8,34.19729879849769,8.602701201502306
Support Vector Regressor,36.59,38.72902948023468,-2.139029480234676
Support Vector Regressor,39.42,42.16681196460591,-2.746811964605911
Support Vector Regressor,59.59,58.54615692769018,1.0438430723098264
Support Vector Regressor,170.9,169.4751970169821,1.424802983017912
Support Vector Regressor,25.08,30.412452355405847,-5.332452355405849
Support Vector Regressor,33.73,28.84874837476795,4.881251625232046
Support Vector Regressor,56.14,65.20076100603802,-9.060761006038021
Support Vector Regressor,82.0,116.15688101640393,-34.15688101640393
Support Vector Regressor,97.4,92.86747864974133,4.532521350258676
Support Vector Regressor,177.0,170.59063148827153,6.4093685117284735
Support Vector Regressor,55.45,51.538336593744965,3.9116634062550375
Support Vector Regressor,52.5,48.82569950205859,3.6743004979414096
Support Vector Regressor,23.79,27.046361836507117,-3.256361836507118
Support Vector Regressor,11.65,11.495091780223248,0.15490821977675218
Support Vector Regressor,36.15,36.748956757295986,-0.5989567572959871
Support Vector Regressor,14.4,14.988089150545832,-0.5880891505458319
Support Vector Regressor,24.4,29.598045814822328,-5.198045814822329
Support Vector Regressor,36.44,21.334819608977767,15.10518039102223
Support Vector Regressor,44.03,51.562056593425055,-7.532056593425054
Support Vector Regressor,60.95,52.30867810565542,8.641321894344586
Support Vector Regressor,42.13,44.74531479785513,-2.6153147978551274
Support Vector Regressor,47.71,37.4957408928008,10.214259107199204
Support Vector Regressor,39.0,35.87353394313511,3.126466056864892
Support Vector Regressor,36.94,37.62485388702947,-0.6848538870294689
Support Vector Regressor,119.1,111.72705137520994,7.372948624790055
Support Vector Regressor,40.06,32.126817169825195,7.9331828301748075
Support Vector Regressor,43.57,42.30620041996343,1.2637995800365687
Support Vector Regressor,110.42,99.04789227924392,11.372107720756077
Support Vector Regressor,43.57,39.948707098700346,3.621292901299654
Support Vector Regressor,22.75,34.458404655708875,-11.708404655708875
Support Vector Regressor,56.34,64.29859669345336,-7.958596693453359
Support Vector Regressor,46.64,48.389809243525455,-1.7498092435254549
Support Vector Regressor,28.3,38.586219681443026,-10.286219681443026
Support Vector Regressor,66.42,58.42732475135224,7.992675248647764
Support Vector Regressor,44.3,40.26218978092311,4.0378102190768885
Support Vector Regressor,17.58,17.587536164180747,-0.007536164180748983
Support Vector Regressor,15.82,21.253551982554384,-5.433551982554384
Support Vector Regressor,18.13,19.01353128576308,-0.8835312857630804
Support Vector Regressor,64.9,77.2045738765421,-12.304573876542094
Support Vector Regressor,45.08,44.026116228884845,1.053883771115153
Support Vector Regressor,9.01,19.473417673912095,-10.463417673912096
Support Vector Regressor,77.01,80.71707240559772,-3.707072405597714
Support Vector Regressor,25.42,27.614664695114868,-2.1946646951148665
Support Vector Regressor,120.7,117.14838900734577,3.5516109926542327
Support Vector Regressor,23.84,29.954359825092055,-6.1143598250920554
Support Vector Regressor,123.4,102.10440326810148,21.295596731898527
Support Vector Regressor,172.5,172.18508811079707,0.3149118892029321
Support Vector Regressor,130.3,139.84119495668043,-9.541194956680414
Support Vector Regressor,34.15,34.837425555822904,-0.6874255558229052
Support Vector Regressor,21.86,22.508035217679904,-0.6480352176799045
Support Vector Regressor,24.28,20.110027380834083,4.169972619165918
Support Vector Regressor,36.45,36.550199497836985,-0.10019949783698223
Support Vector Regressor,49.97,46.79303825170946,3.1769617482905375
Support Vector Regressor,59.76,51.11829589549332,8.64170410450668
Support Vector Regressor,41.93,45.843176034812565,-3.9131760348125653
Support Vector Regressor,161.6,157.21497692947784,4.385023070522152
Support Vector Regressor,118.7,123.03293332015502,-4.332933320155021
Support Vector Regressor,52.91,53.00976764232437,-0.09976764232437318
Support Vector Regressor,79.3,77.64853375324981,1.6514662467501893
Support Vector Regressor,86.7,77.0725442977444,9.627455702255602
K-Nearest Neighbours Regressor,37.43,37.51341706325553,-0.08341706325553133
K-Nearest Neighbours Regressor,52.91,52.909995069329625,4.93067037155015e-06
K-Nearest Neighbours Regressor,6.88,6.88,0.0
K-Nearest Neighbours Regressor,27.83,27.83,0.0
K-Nearest Neighbours Regressor,42.62,42.62,0.0
K-Nearest Neighbours Regressor,16.0,12.74927353035478,3.2507264696452207
K-Nearest Neighbours Regressor,100.1,96.28110533412097,3.8188946658790286
K-Nearest Neighbours Regressor,11.36,11.360007116794945,-7.1167949453609936e-06
K-Nearest Neighbours Regressor,39.15,39.15,0.0
K-Nearest Neighbours Regressor,14.7,13.826309677742081,0.873690322257918
K-Nearest Neighbours Regressor,44.52,44.52,0.0
K-Nearest Neighbours Regressor,37.43,37.51341706325553,-0.08341706325553133
K-Nearest Neighbours Regressor,28.1,28.1,0.0
K-Nearest Neighbours Regressor,114.44,114.07333333333334,0.36666666666666003
K-Nearest Neighbours Regressor,39.49,39.49,0.0
K-Nearest Neighbours Regressor,168.0,144.48990184725102,23.51009815274898
K-Nearest Neighbours Regressor,55.32,88.56054417739874,-33.24054417739874
K-Nearest Neighbours Regressor,15.62,15.620008563816524,-8.563816525253287e-06
K-Nearest Neighbours Regressor,139.3,128.71277628325328,10.587223716746735
K-Nearest Neighbours Regressor,98.3,116.91446282601201,-18.614462826012016
K-Nearest Neighbours Regressor,31.42,31.42,0.0
K-Nearest Neighbours Regressor,39.45,39.45,0.0
K-Nearest Neighbours Regressor,19.99,19.99000385891726,-3.858917260401995e-06
K-Nearest Neighbours Regressor,10.73,10.73,0.0
K-Nearest Neighbours Regressor,40.9,36.11409123641315,4.785908763586846
K-Nearest Neighbours Regressor,35.76,35.32757543873438,0.4324245612656199
K-Nearest Neighbours Regressor,39.5,51.8846713523896,-12.384671352389603
K-Nearest Neighbours Regressor,107.6,120.62390929274706,-13.023909292747064
K-Nearest Neighbours Regressor,58.4,62.0,-3.6000000000000014
K-Nearest Neighbours Regressor,29.87,29.87,0.0
K-Nearest Neighbours Regressor,28.6,28.6,0.0
K-Nearest Neighbours Regressor,120.6,97.07753985376091,23.522460146239084
K-Nearest Neighbours Regressor,21.18,21.18,0.0
K-Nearest Neighbours Regressor,106.3,113.19998867072366,-6.899988670723658
K-Nearest Neighbours Regressor,9.13,9.13,0.0
K-Nearest Neighbours Regressor,130.6,129.044662379031,1.5553376209689986
K-Nearest Neighbours Regressor,44.3,40.53906599692092,3.760934003079079
K-Nearest Neighbours Regressor,62.5,62.5,0.0
K-Nearest Neighbours Regressor,53.52,53.01194178950653,0.5080582104934734
K-Nearest Neighbours Regressor,7.0,14.606608748495114,-7.606608748495114
K-Nearest Neighbours Regressor,46.93,42.83561702961277,4.09438297038723
K-Nearest Neighbours Regressor,85.1,71.83591368422958,13.264086315770413
K-Nearest Neighbours Regressor,21.3,22.036340180993967,-0.7363401809939667
K-Nearest Neighbours Regressor,12.84,10.910604396161409,1.929395603838591
K-Nearest Neighbours Regressor,10.39,10.39,0.0
K-Nearest Neighbours Regressor,19.77,19.77,0.0
K-Nearest Neighbours Regressor,14.94,14.94001812195302,-1.81219530208665e-05
K-Nearest Neighbours Regressor,25.18,22.351209763732598,2.828790236267402
K-Nearest Neighbours Regressor,23.5,25.271630054666424,-1.7716300546664243
K-Nearest Neighbours Regressor,166.7,161.05730505339935,5.642694946600642
K-Nearest Neighbours Regressor,62.1,98.57445544566079,-36.47445544566079
K-Nearest Neighbours Regressor,55.16,55.16,0.0
K-Nearest Neighbours Regressor,162.8,145.11359415120663,17.686405848793385
K-Nearest Neighbours Regressor,36.84,36.84,0.0
K-Nearest Neighbours Regressor,50.66,44.89422101118312,5.7657789888168764
K-Nearest Neighbours Regressor,18.2,16.06584968545831,2.1341503145416887
K-Nearest Neighbours Regressor,10.0,13.61884822720603,-3.61884822720603
K-Nearest Neighbours Regressor,118.0,97.42234788577366,20.57765211422634
K-Nearest Neighbours Regressor,25.57,25.57,0.0
K-Nearest Neighbours Regressor,38.02,44.128,-6.107999999999997
K-Nearest Neighbours Regressor,12.18,12.18,0.0
K-Nearest Neighbours Regressor,18.0,13.120718550660648,4.879281449339352
K-Nearest Neighbours Regressor,21.95,21.95000309719818,-3.0971981814786886e-06
K-Nearest Neighbours Regressor,44.7,44.7,0.0
K-Nearest Neighbours Regressor,220.2,210.6,9.599999999999994
K-Nearest Neighbours Regressor,28.0,21.196040251946144,6.803959748053856
K-Nearest Neighbours Regressor,25.45,25.450001403943897,-1.4039438980262275e-06
K-Nearest Neighbours Regressor,50.08,50.08,0.0
K-Nearest Neighbours Regressor,15.09,15.09,0.0
K-Nearest Neighbours Regressor,33.12,33.12,0.0
K-Nearest Neighbours Regressor,9.85,9.85,0.0
K-Nearest Neighbours Regressor,178.1,173.8540654099734,4.245934590026593
K-Nearest Neighbours Regressor,41.68,41.679986251130266,1.3748869733376523e-05
K-Nearest Neighbours Regressor,50.95,50.95,0.0
K-Nearest Neighbours Regressor,52.44,52.440003201326604,-3.201326606472321e-06
K-Nearest Neighbours Regressor,31.42,31.42,0.0
K-Nearest Neighbours Regressor,12.55,12.550006984687503,-6.9846875021539745e-06
K-Nearest Neighbours Regressor,44.21,44.21,0.0
K-Nearest Neighbours Regressor,60.2,60.2,0.0
K-Nearest Neighbours Regressor,31.97,25.704799631017128,6.265200368982871
K-Nearest Neighbours Regressor,40.86,34.87664593185982,5.98335406814018
K-Nearest Neighbours Regressor,46.64,49.991853186720476,-3.3518531867204757
K-Nearest Neighbours Regressor,53.46,53.46,0.0
K-Nearest Neighbours Regressor,37.36,37.36,0.0
K-Nearest Neighbours Regressor,26.31,26.31,0.0
K-Nearest Neighbours Regressor,138.3,117.16827409738248,21.131725902617532
K-Nearest Neighbours Regressor,68.0,59.140596531169514,8.859403468830486
K-Nearest Neighbours Regressor,159.1,144.22037758688057,14.87962241311942
K-Nearest Neighbours Regressor,41.1,41.1,0.0
K-Nearest Neighbours Regressor,71.99,71.99,0.0
K-Nearest Neighbours Regressor,55.55,55.54998958436391,1.0415636090499447e-05
K-Nearest Neighbours Regressor,19.11,19.11000319500642,-3.1950064212082907e-06
K-Nearest Neighbours Regressor,177.2,173.69675927870952,3.5032407212904673
K-Nearest Neighbours Regressor,144.7,156.77874678446352,-12.078746784463533
K-Nearest Neighbours Regressor,36.8,36.8,0.0
K-Nearest Neighbours Regressor,35.85,39.882316515798806,-4.032316515798804
K-Nearest Neighbours Regressor,66.43,59.335105476779866,7.094894523220141
K-Nearest Neighbours Regressor,43.0,32.329349870140284,10.670650129859716
K-Nearest Neighbours Regressor,24.29,12.489768548974128,11.800231451025871
K-Nearest Neighbours Regressor,67.57,67.57,0.0
K-Nearest Neighbours Regressor,41.54,41.54000112155214,-1.1215521382723637e-06
K-Nearest Neighbours Regressor,71.62,62.421849168505396,9.198150831494608
K-Nearest Neighbours Regressor,79.99,79.9899826028105,1.7397189495227394e-05
K-Nearest Neighbours Regressor,192.2,188.1142857142857,4.085714285714289
K-Nearest Neighbours Regressor,29.41,29.41,0.0
K-Nearest Neighbours Regressor,20.42,20.42,0.0
K-Nearest Neighbours Regressor,122.9,131.42499999999998,-8.524999999999977
K-Nearest Neighbours Regressor,111.0,108.05426056246883,2.9457394375311736
K-Nearest Neighbours Regressor,27.63,27.63,0.0
K-Nearest Neighbours Regressor,38.27,42.552106112912476,-4.282106112912473
K-Nearest Neighbours Regressor,19.52,19.520007976473096,-7.976473096249492e-06
K-Nearest Neighbours Regressor,32.63,32.629992188370714,7.81162928831236e-06
K-Nearest Neighbours Regressor,49.71,55.558146097741094,-5.848146097741093
K-Nearest Neighbours Regressor,116.2,101.4,14.799999999999997
K-Nearest Neighbours Regressor,156.1,168.22443374960127,-12.12443374960128
K-Nearest Neighbours Regressor,39.94,39.93999589548428,4.1045157175290115e-06
K-Nearest Neighbours Regressor,103.5,91.13221296247211,12.36778703752789
K-Nearest Neighbours Regressor,75.8,109.05267371399492,-33.25267371399492
K-Nearest Neighbours Regressor,35.23,35.22999582576599,4.174234007336963e-06
K-Nearest Neighbours Regressor,123.66,115.81363549529743,7.846364504702564
K-Nearest Neighbours Regressor,153.9,137.9228951595801,15.977104840419912
K-Nearest Neighbours Regressor,53.77,53.77,0.0
K-Nearest Neighbours Regressor,26.86,26.86,0.0
K-Nearest Neighbours Regressor,34.9,34.90000306873937,-3.0687393746120506e-06
K-Nearest Neighbours Regressor,103.0,97.94787910571384,5.052120894286162
K-Nearest Neighbours Regressor,61.14,57.79437063692885,3.345629363071147
K-Nearest Neighbours Regressor,21.29,29.468313512465684,-8.178313512465685
K-Nearest Neighbours Regressor,108.3,120.9,-12.600000000000009
K-Nearest Neighbours Regressor,52.53,46.52064609325444,6.0093539067455595
K-Nearest Neighbours Regressor,33.69,32.26,1.4299999999999997
K-Nearest Neighbours Regressor,117.5,115.40574096645975,2.0942590335402542
K-Nearest Neighbours Regressor,49.2,49.2,0.0
K-Nearest Neighbours Regressor,38.0,37.99998608906236,1.3910937639138865e-05
K-Nearest Neighbours Regressor,29.22,29.22,0.0
K-Nearest Neighbours Regressor,31.02,31.02000120712846,-1.2071284594128429e-06
K-Nearest Neighbours Regressor,15.87,15.869993944464781,6.055535218152386e-06
K-Nearest Neighbours Regressor,130.2,125.46282061777603,4.737179382223957
K-Nearest Neighbours Regressor,96.3,84.85020818089338,11.449791819106622
K-Nearest Neighbours Regressor,57.23,69.10848986347507,-11.878489863475075
K-Nearest Neighbours Regressor,55.26,52.336898934725795,2.923101065274203
K-Nearest Neighbours Regressor,18.91,18.909983789169747,1.6210830253271524e-05
K-Nearest Neighbours Regressor,9.45,18.541904785296808,-9.091904785296808
K-Nearest Neighbours Regressor,50.53,47.970254816366854,2.5597451836331473
K-Nearest Neighbours Regressor,29.93,29.93,0.0
K-Nearest Neighbours Regressor,124.94,115.2651386239552,9.674861376044802
K-Nearest Neighbours Regressor,14.54,14.54,0.0
K-Nearest Neighbours Regressor,49.3,52.687677625319175,-3.387677625319178
K-Nearest Neighbours Regressor,28.99,28.99,0.0
K-Nearest Neighbours Regressor,9.99,9.989997646340953,2.3536590472161834e-06
K-Nearest Neighbours Regressor,9.56,9.560023311260556,-2.3311260555658464e-05
K-Nearest Neighbours Regressor,13.4,13.4,0.0
K-Nearest Neighbours Regressor,26.85,26.85,0.0
K-Nearest Neighbours Regressor,124.1,124.26597532237265,-0.16597532237265966
K-Nearest Neighbours Regressor,161.9,169.2982028898767,-7.3982028898767
K-Nearest Neighbours Regressor,28.63,28.63,0.0
K-Nearest Neighbours Regressor,36.94,36.93998346741136,1.6532588638540346e-05
K-Nearest Neighbours Regressor,46.23,46.230000078628706,-7.862870887720419e-08
K-Nearest Neighbours Regressor,43.7,43.7,0.0
K-Nearest Neighbours Regressor,17.54,17.54,0.0
K-Nearest Neighbours Regressor,44.21,44.20999665373641,3.3462635897762993e-06
K-Nearest Neighbours Regressor,43.89,43.889995894509084,4.10549091611756e-06
K-Nearest Neighbours Regressor,160.6,150.18684118119668,10.41315881880331
K-Nearest Neighbours Regressor,31.35,31.35,0.0
K-Nearest Neighbours Regressor,36.97,36.97,0.0
K-Nearest Neighbours Regressor,32.4,32.4,0.0
K-Nearest Neighbours Regressor,24.29,12.489768548974128,11.800231451025871
K-Nearest Neighbours Regressor,92.8,72.85655346260705,19.943446537392944
K-Nearest Neighbours Regressor,179.0,167.36755009264684,11.632449907353163
K-Nearest Neighbours Regressor,29.23,30.484690942098894,-1.2546909420988932
K-Nearest Neighbours Regressor,16.28,16.280005811577606,-5.811577604930562e-06
K-Nearest Neighbours Regressor,122.93,93.80910051963413,29.12089948036588
K-Nearest Neighbours Regressor,130.6,142.20730615300988,-11.607306153009887
K-Nearest Neighbours Regressor,83.6,70.38124467612892,13.218755323871079
K-Nearest Neighbours Regressor,77.8,93.81811664693757,-16.01811664693757
K-Nearest Neighbours Regressor,33.19,33.19,0.0
K-Nearest Neighbours Regressor,26.91,26.91,0.0
K-Nearest Neighbours Regressor,33.04,33.04,0.0
K-Nearest Neighbours Regressor,147.7,131.15212383567422,16.54787616432577
K-Nearest Neighbours Regressor,20.0,17.039895506481756,2.9601044935182443
K-Nearest Neighbours Regressor,36.15,38.597380449801996,-2.4473804498019973
K-Nearest Neighbours Regressor,21.48,21.479989789167437,1.0210832563473105e-05
K-Nearest Neighbours Regressor,40.86,34.87664593185982,5.98335406814018
K-Nearest Neighbours Regressor,12.84,10.910604396161409,1.929395603838591
K-Nearest Neighbours Regressor,96.5,80.42222841837209,16.077771581627914
K-Nearest Neighbours Regressor,170.5,168.76826570240442,1.7317342975955796
K-Nearest Neighbours Regressor,167.7,169.17012588850457,-1.4701258885045831
K-Nearest Neighbours Regressor,125.0,110.34213960573261,14.657860394267388
K-Nearest Neighbours Regressor,14.14,14.14,0.0
K-Nearest Neighbours Regressor,11.58,11.580006245393493,-6.24539349303177e-06
K-Nearest Neighbours Regressor,115.5,132.3381001662122,-16.8381001662122
K-Nearest Neighbours Regressor,51.06,51.05999943091552,5.690844844252751e-07
K-Nearest Neighbours Regressor,65.91,64.65992483116416,1.250075168835835
K-Nearest Neighbours Regressor,41.37,41.37,0.0
K-Nearest Neighbours Regressor,193.5,188.1142857142857,5.3857142857143
K-Nearest Neighbours Regressor,40.68,40.68,0.0
K-Nearest Neighbours Regressor,26.14,26.14,0.0
K-Nearest Neighbours Regressor,119.7,118.60322427564057,1.096775724359432
K-Nearest Neighbours Regressor,20.59,20.59,0.0
K-Nearest Neighbours Regressor,170.0,170.0,0.0
K-Nearest Neighbours Regressor,15.44,15.44,0.0
K-Nearest Neighbours Regressor,25.69,25.69,0.0
K-Nearest Neighbours Regressor,30.45,30.45,0.0
K-Nearest Neighbours Regressor,109.2,104.52520258796572,4.67479741203428
K-Nearest Neighbours Regressor,67.7,67.69998843345483,1.1566545168761877e-05
K-Nearest Neighbours Regressor,32.11,43.493095611003774,-11.383095611003775
K-Nearest Neighbours Regressor,70.3,64.88918632707565,5.410813672924348
K-Nearest Neighbours Regressor,77.9,99.69614182956018,-21.79614182956017
K-Nearest Neighbours Regressor,31.84,31.840001114733813,-1.1147338128125739e-06
K-Nearest Neighbours Regressor,34.77,34.77,0.0
K-Nearest Neighbours Regressor,53.1,63.3,-10.199999999999996
K-Nearest Neighbours Regressor,42.95,40.00877189250853,2.941228107491476
K-Nearest Neighbours Regressor,202.2,188.1142857142857,14.085714285714289
K-Nearest Neighbours Regressor,49.77,49.77,0.0
K-Nearest Neighbours Regressor,37.27,37.27,0.0
K-Nearest Neighbours Regressor,93.8,90.28831833867714,3.5116816613228536
K-Nearest Neighbours Regressor,31.03,31.03,0.0
K-Nearest Neighbours Regressor,157.2,113.34485867811394,43.85514132188605
K-Nearest Neighbours Regressor,27.23,27.23,0.0
K-Nearest Neighbours Regressor,53.08,88.46444174134187,-35.384441741341874
K-Nearest Neighbours Regressor,30.12,30.12,0.0
K-Nearest Neighbours Regressor,139.2,122.53499472083497,16.665005279165015
K-Nearest Neighbours Regressor,39.64,39.64,0.0
K-Nearest Neighbours Regressor,78.0,97.02469783105352,-19.024697831053516
K-Nearest Neighbours Regressor,36.1,76.8940445641119,-40.79404456411189
K-Nearest Neighbours Regressor,16.26,16.26,0.0
K-Nearest Neighbours Regressor,54.32,54.32,0.0
K-Nearest Neighbours Regressor,45.85,45.85,0.0
K-Nearest Neighbours Regressor,154.4,103.07339944643529,51.32660055356472
K-Nearest Neighbours Regressor,50.46,50.45999675329479,3.2467052122342466e-06
K-Nearest Neighbours Regressor,46.39,46.39,0.0
K-Nearest Neighbours Regressor,53.0,95.4784967034263,-42.4784967034263
K-Nearest Neighbours Regressor,37.0,40.4054625365993,-3.405462536599302
K-Nearest Neighbours Regressor,53.96,53.95999744790912,2.552090883511937e-06
K-Nearest Neighbours Regressor,39.42,46.12698214610817,-6.706982146108167
K-Nearest Neighbours Regressor,68.75,68.75,0.0
K-Nearest Neighbours Regressor,146.5,146.194944953851,0.30505504614899337
K-Nearest Neighbours Regressor,31.27,31.269995747268986,4.252731013565381e-06
K-Nearest Neighbours Regressor,11.17,11.170002038988203,-2.0389882031679463e-06
K-Nearest Neighbours Regressor,133.3,124.70322775780397,8.596772242196039
K-Nearest Neighbours Regressor,72.3,72.3,0.0
K-Nearest Neighbours Regressor,27.68,27.68,0.0
K-Nearest Neighbours Regressor,130.7,101.15183312306411,29.54816687693588
K-Nearest Neighbours Regressor,55.0,43.63299298053503,11.367007019464971
K-Nearest Neighbours Regressor,20.73,20.730008106074578,-8.106074577796107e-06
K-Nearest Neighbours Regressor,143.0,129.33693883461942,13.663061165380583
K-Nearest Neighbours Regressor,111.5,96.93073963398085,14.56926036601915
K-Nearest Neighbours Regressor,43.0,42.431680116014235,0.5683198839857653
K-Nearest Neighbours Regressor,68.9,96.85581750426375,-27.95581750426375
K-Nearest Neighbours Regressor,23.52,23.52,0.0
K-Nearest Neighbours Regressor,61.86,61.85999637313992,3.626860078043137e-06
K-Nearest Neighbours Regressor,22.72,22.72,0.0
K-Nearest Neighbours Regressor,125.56,103.65585624761044,21.904143752389558
K-Nearest Neighbours Regressor,11.98,11.980006257912985,-6.257912984253267e-06
K-Nearest Neighbours Regressor,103.18,93.28954252989662,9.890457470103385
K-Nearest Neighbours Regressor,71.9,75.09999928057564,-3.199999280575639
K-Nearest Neighbours Regressor,39.23,39.23,0.0
K-Nearest Neighbours Regressor,12.73,12.73,0.0
K-Nearest Neighbours Regressor,37.68,37.68,0.0
K-Nearest Neighbours Regressor,71.7,71.69999743963194,2.5603680597896528e-06
K-Nearest Neighbours Regressor,24.28,17.004077974734415,7.2759220252655865
K-Nearest Neighbours Regressor,60.29,60.29,0.0
K-Nearest Neighbours Regressor,56.4,51.16351531291611,5.2364846870838875
K-Nearest Neighbours Regressor,38.0,21.91086561750049,16.08913438249951
K-Nearest Neighbours Regressor,31.97,25.704799631017128,6.265200368982871
K-Nearest Neighbours Regressor,100.2,109.603089251329,-9.403089251328993
K-Nearest Neighbours Regressor,62.9,72.59998007748945,-9.69998007748945
K-Nearest Neighbours Regressor,38.46,38.46,0.0
K-Nearest Neighbours Regressor,147.3,132.05837624455967,15.241623755440344
K-Nearest Neighbours Regressor,79.3,79.3,0.0
K-Nearest Neighbours Regressor,29.59,33.32306028754089,-3.7330602875408907
K-Nearest Neighbours Regressor,56.62,56.62,0.0
K-Nearest Neighbours Regressor,24.85,24.85,0.0
K-Nearest Neighbours Regressor,19.93,19.93,0.0
K-Nearest Neighbours Regressor,108.6,135.98471898391085,-27.384718983910858
K-Nearest Neighbours Regressor,74.17,74.17,0.0
K-Nearest Neighbours Regressor,19.74,16.999599498162702,2.7404005018372963
K-Nearest Neighbours Regressor,165.0,147.3669660072156,17.63303399278439
K-Nearest Neighbours Regressor,94.5,109.7367355446502,-15.236735544650202
K-Nearest Neighbours Regressor,33.3,33.3,0.0
K-Nearest Neighbours Regressor,17.82,17.82,0.0
K-Nearest Neighbours Regressor,26.74,26.74,0.0
K-Nearest Neighbours Regressor,44.14,44.140005220619294,-5.220619293311302e-06
K-Nearest Neighbours Regressor,133.0,150.6612078079916,-17.661207807991588
K-Nearest Neighbours Regressor,126.0,122.19896900760453,3.801030992395468
K-Nearest Neighbours Regressor,54.28,54.28,0.0
K-Nearest Neighbours Regressor,173.2,168.22463993523326,4.975360064766733
K-Nearest Neighbours Regressor,105.37,110.50221256488275,-5.1322125648827495
K-Nearest Neighbours Regressor,108.3,95.76495751404498,12.535042485955017
K-Nearest Neighbours Regressor,15.75,15.75,0.0
K-Nearest Neighbours Regressor,24.07,24.07000152921907,-1.5292190695959107e-06
K-Nearest Neighbours Regressor,55.9,50.4,5.5
K-Nearest Neighbours Regressor,51.02,51.02000101494184,-1.0149418372407126e-06
K-Nearest Neighbours Regressor,139.0,138.71873863730457,0.28126136269543167
K-Nearest Neighbours Regressor,153.3,135.85505022434293,17.44494977565708
K-Nearest Neighbours Regressor,43.73,43.73,0.0
K-Nearest Neighbours Regressor,8.0,8.0,0.0
K-Nearest Neighbours Regressor,82.09,90.59649810856915,-8.506498108569147
K-Nearest Neighbours Regressor,45.0,38.949407400080666,6.050592599919334
K-Nearest Neighbours Regressor,35.17,35.17000103102023,-1.0310202256391676e-06
K-Nearest Neighbours Regressor,45.9,45.9,0.0
K-Nearest Neighbours Regressor,37.91,37.91,0.0
K-Nearest Neighbours Regressor,31.87,31.87,0.0
K-Nearest Neighbours Regressor,71.3,71.3,0.0
K-Nearest Neighbours Regressor,25.48,25.48,0.0
K-Nearest Neighbours Regressor,39.42,46.10620085674835,-6.68620085674835
K-Nearest Neighbours Regressor,113.9,121.52147872269279,-7.621478722692785
K-Nearest Neighbours Regressor,57.9,85.1228789059507,-27.2228789059507
K-Nearest Neighbours Regressor,44.4,44.4,0.0
K-Nearest Neighbours Regressor,36.35,35.68793634512176,0.6620636548782386
K-Nearest Neighbours Regressor,11.39,11.389990834522928,9.165477072414774e-06
K-Nearest Neighbours Regressor,37.17,37.17,0.0
K-Nearest Neighbours Regressor,16.0,29.54117772117263,-13.54117772117263
K-Nearest Neighbours Regressor,21.5,21.49999607358575,3.926414251509414e-06
K-Nearest Neighbours Regressor,29.59,33.32306028754089,-3.7330602875408907
K-Nearest Neighbours Regressor,79.69,94.25434631469972,-14.56434631469972
K-Nearest Neighbours Regressor,77.3,77.3,0.0
K-Nearest Neighbours Regressor,99.33,104.81599087702153,-5.4859908770215355
K-Nearest Neighbours Regressor,33.0,33.0,0.0
K-Nearest Neighbours Regressor,37.36,37.36,0.0
K-Nearest Neighbours Regressor,33.76,33.76,0.0
K-Nearest Neighbours Regressor,127.4,120.79929110406081,6.600708895939192
K-Nearest Neighbours Regressor,42.64,42.64,0.0
K-Nearest Neighbours Regressor,46.08,49.76999863953139,-3.689998639531389
K-Nearest Neighbours Regressor,18.2,16.06584968545831,2.1341503145416887
K-Nearest Neighbours Regressor,8.06,8.06,0.0
K-Nearest Neighbours Regressor,10.54,10.54,0.0
K-Nearest Neighbours Regressor,15.07,15.07,0.0
K-Nearest Neighbours Regressor,64.4,64.19999246899583,0.20000753100417512
K-Nearest Neighbours Regressor,48.32,53.669518047390376,-5.349518047390376
K-Nearest Neighbours Regressor,17.84,17.84,0.0
K-Nearest Neighbours Regressor,29.98,29.98,0.0
K-Nearest Neighbours Regressor,12.18,12.18,0.0
K-Nearest Neighbours Regressor,160.1,148.30720917878182,11.792790821218176
K-Nearest Neighbours Regressor,31.81,31.80999442193659,5.57806340850675e-06
K-Nearest Neighbours Regressor,108.73,111.87852812338743,-3.148528123387422
K-Nearest Neighbours Regressor,23.08,23.08,0.0
K-Nearest Neighbours Regressor,21.29,29.468313512465684,-8.178313512465685
K-Nearest Neighbours Regressor,73.3,70.50109383121215,2.798906168787852
K-Nearest Neighbours Regressor,51.3,52.687677625319175,-1.3876776253191778
K-Nearest Neighbours Regressor,14.6,14.600000898003866,-8.980038668227053e-07
K-Nearest Neighbours Regressor,15.57,15.57,0.0
K-Nearest Neighbours Regressor,77.3,77.3,0.0
K-Nearest Neighbours Regressor,21.59,28.530403471635534,-6.940403471635534
K-Nearest Neighbours Regressor,30.23,30.23,0.0
K-Nearest Neighbours Regressor,39.42,46.12698214610817,-6.706982146108167
K-Nearest Neighbours Regressor,40.87,40.87,0.0
K-Nearest Neighbours Regressor,52.2,52.2,0.0
K-Nearest Neighbours Regressor,69.66,69.66,0.0
K-Nearest Neighbours Regressor,54.6,54.599997676391474,2.3236085269218165e-06
K-Nearest Neighbours Regressor,53.1,91.37068380763463,-38.27068380763463
K-Nearest Neighbours Regressor,21.83,10.187642011267748,11.64235798873225
K-Nearest Neighbours Regressor,148.6,149.67945011349534,-1.0794501134953407
K-Nearest Neighbours Regressor,71.3,71.3,0.0
K-Nearest Neighbours Regressor,129.79,113.58,16.209999999999994
K-Nearest Neighbours Regressor,53.52,53.36308073102746,0.15691926897254405
K-Nearest Neighbours Regressor,111.0,106.90094256494255,4.099057435057446
K-Nearest Neighbours Regressor,47.1,47.1,0.0
K-Nearest Neighbours Regressor,71.3,71.3,0.0
K-Nearest Neighbours Regressor,2.33,2.33,0.0
K-Nearest Neighbours Regressor,33.54,33.54,0.0
K-Nearest Neighbours Regressor,76.0,125.74604110875148,-49.746041108751484
K-Nearest Neighbours Regressor,36.99,36.99,0.0
K-Nearest Neighbours Regressor,36.35,35.68793634512176,0.6620636548782386
K-Nearest Neighbours Regressor,149.7,128.71277628325328,20.987223716746712
K-Nearest Neighbours Regressor,44.87,44.87,0.0
K-Nearest Neighbours Regressor,42.14,42.140000095117614,-9.511761334124458e-08
K-Nearest Neighbours Regressor,31.97,31.97,0.0
K-Nearest Neighbours Regressor,35.36,26.420000000000005,8.939999999999994
K-Nearest Neighbours Regressor,48.28,48.28,0.0
K-Nearest Neighbours Regressor,21.91,21.91,0.0
K-Nearest Neighbours Regressor,204.4,189.7,14.700000000000017
K-Nearest Neighbours Regressor,40.0,43.88730832782238,-3.8873083278223817
K-Nearest Neighbours Regressor,13.46,13.46,0.0
K-Nearest Neighbours Regressor,82.6,82.59999645268486,3.5473151314135976e-06
K-Nearest Neighbours Regressor,197.9,188.1142857142857,9.785714285714306
K-Nearest Neighbours Regressor,50.66,44.89422101118312,5.7657789888168764
K-Nearest Neighbours Regressor,136.34,131.0942857142857,5.245714285714314
K-Nearest Neighbours Regressor,39.16,39.16,0.0
K-Nearest Neighbours Regressor,59.0,70.7,-11.700000000000003
K-Nearest Neighbours Regressor,68.49,84.42478295916622,-15.934782959166228
K-Nearest Neighbours Regressor,40.15,40.15,0.0
K-Nearest Neighbours Regressor,37.72,37.72000126021209,-1.2602120946780815e-06
K-Nearest Neighbours Regressor,39.61,39.61,0.0
K-Nearest Neighbours Regressor,28.63,28.63,0.0
K-Nearest Neighbours Regressor,37.4,37.4,0.0
K-Nearest Neighbours Regressor,35.85,39.882316515798806,-4.032316515798804
K-Nearest Neighbours Regressor,195.2,204.67241379310386,-9.472413793103868
K-Nearest Neighbours Regressor,150.0,147.44393839423307,2.556061605766928
K-Nearest Neighbours Regressor,35.76,35.32757543873438,0.4324245612656199
K-Nearest Neighbours Regressor,39.1,51.8846713523896,-12.784671352389601
K-Nearest Neighbours Regressor,33.01,33.01,0.0
K-Nearest Neighbours Regressor,25.46,25.460001156827595,-1.156827593717935e-06
K-Nearest Neighbours Regressor,74.5,59.5183747885217,14.981625211478303
K-Nearest Neighbours Regressor,15.36,15.360015218738043,-1.5218738043998314e-05
K-Nearest Neighbours Regressor,57.2,50.285493424311234,6.914506575688769
K-Nearest Neighbours Regressor,151.8,151.75445563094038,0.04554436905962689
K-Nearest Neighbours Regressor,51.04,51.04,0.0
K-Nearest Neighbours Regressor,128.8,119.47758127443048,9.322418725569534
K-Nearest Neighbours Regressor,116.31,88.22979228683073,28.080207713169273
K-Nearest Neighbours Regressor,22.75,31.238683913208337,-8.488683913208337
K-Nearest Neighbours Regressor,48.4,48.4,0.0
K-Nearest Neighbours Regressor,69.0,76.0,-7.0
K-Nearest Neighbours Regressor,49.99,49.99,0.0
K-Nearest Neighbours Regressor,46.93,42.83561702961277,4.09438297038723
K-Nearest Neighbours Regressor,114.9,120.9,-6.0
K-Nearest Neighbours Regressor,32.11,43.493095611003774,-11.383095611003775
K-Nearest Neighbours Regressor,124.7,156.76638283463436,-32.066382834634354
K-Nearest Neighbours Regressor,27.68,27.680001656577645,-1.6565776448373981e-06
K-Nearest Neighbours Regressor,37.33,37.33,0.0
K-Nearest Neighbours Regressor,52.83,50.385443689848984,2.4445563101510146
K-Nearest Neighbours Regressor,125.1,133.1853102097338,-8.08531020973382
K-Nearest Neighbours Regressor,122.93,90.52468332078084,32.40531667921917
K-Nearest Neighbours Regressor,50.53,47.970254816366854,2.5597451836331473
K-Nearest Neighbours Regressor,74.5,59.5183747885217,14.981625211478303
K-Nearest Neighbours Regressor,24.0,24.0,0.0
K-Nearest Neighbours Regressor,63.14,63.14,0.0
K-Nearest Neighbours Regressor,56.83,56.829994974412294,5.025587704210466e-06
K-Nearest Neighbours Regressor,92.48,72.11442338391352,20.365576616086486
K-Nearest Neighbours Regressor,51.96,51.96,0.0
K-Nearest Neighbours Regressor,65.35,66.08036665604116,-0.7303666560411699
K-Nearest Neighbours Regressor,38.22,38.219959886987326,4.011301267325962e-05
K-Nearest Neighbours Regressor,52.3,52.3,0.0
K-Nearest Neighbours Regressor,184.4,188.1142857142857,-3.714285714285694
K-Nearest Neighbours Regressor,66.78,68.75,-1.9699999999999989
K-Nearest Neighbours Regressor,14.7,13.826309677742081,0.873690322257918
K-Nearest Neighbours Regressor,38.21,38.2099987083294,1.291670599812278e-06
K-Nearest Neighbours Regressor,178.0,178.0,0.0
K-Nearest Neighbours Regressor,51.73,51.73,0.0
K-Nearest Neighbours Regressor,24.24,24.24,0.0
K-Nearest Neighbours Regressor,4.83,4.83,0.0
K-Nearest Neighbours Regressor,45.37,45.37000683120786,-6.831207862489919e-06
K-Nearest Neighbours Regressor,47.71,47.78174193121073,-0.07174193121073102
K-Nearest Neighbours Regressor,175.8,150.13936660564497,25.660633394355045
K-Nearest Neighbours Regressor,20.0,19.035436688626366,0.9645633113736345
K-Nearest Neighbours Regressor,67.61,85.66391340796513,-18.053913407965126
K-Nearest Neighbours Regressor,25.18,25.180000086427203,-8.642720317197927e-08
K-Nearest Neighbours Regressor,41.05,41.05,0.0
K-Nearest Neighbours Regressor,37.17,37.17,0.0
K-Nearest Neighbours Regressor,74.7,74.7,0.0
K-Nearest Neighbours Regressor,13.29,13.29,0.0
K-Nearest Neighbours Regressor,52.82,52.81999647479256,3.5252074397362776e-06
K-Nearest Neighbours Regressor,41.54,41.54,0.0
K-Nearest Neighbours Regressor,17.54,17.54,0.0
K-Nearest Neighbours Regressor,33.4,33.4,0.0
K-Nearest Neighbours Regressor,9.45,18.541904785296808,-9.091904785296808
K-Nearest Neighbours Regressor,29.79,29.79,0.0
K-Nearest Neighbours Regressor,27.53,27.52999993837719,6.162280996591107e-08
K-Nearest Neighbours Regressor,40.06,38.21763157951861,1.8423684204813924
K-Nearest Neighbours Regressor,29.23,30.484690942098894,-1.2546909420988932
K-Nearest Neighbours Regressor,39.7,39.699990767355054,9.232644949008773e-06
K-Nearest Neighbours Regressor,15.52,15.52,0.0
K-Nearest Neighbours Regressor,15.04,15.04,0.0
K-Nearest Neighbours Regressor,116.5,131.45496275981057,-14.95496275981057
K-Nearest Neighbours Regressor,44.33,44.33,0.0
K-Nearest Neighbours Regressor,31.38,31.38,0.0
K-Nearest Neighbours Regressor,15.34,15.34,0.0
K-Nearest Neighbours Regressor,84.3,80.50907275343162,3.7909272465683728
K-Nearest Neighbours Regressor,53.52,53.01194178950653,0.5080582104934734
K-Nearest Neighbours Regressor,80.2,80.2,0.0
K-Nearest Neighbours Regressor,18.03,18.03,0.0
K-Nearest Neighbours Regressor,29.55,29.55,0.0
K-Nearest Neighbours Regressor,45.0,25.995785069330967,19.004214930669033
K-Nearest Neighbours Regressor,82.8,108.56594975634198,-25.765949756341982
K-Nearest Neighbours Regressor,146.31,131.44426472089293,14.86573527910707
K-Nearest Neighbours Regressor,135.8,119.44786718030825,16.35213281969176
K-Nearest Neighbours Regressor,15.57,15.57,0.0
K-Nearest Neighbours Regressor,39.0,32.93758531599563,6.0624146840043664
K-Nearest Neighbours Regressor,150.82,131.52909917351002,19.290900826489974
K-Nearest Neighbours Regressor,82.0,118.5191232874486,-36.51912328744859
K-Nearest Neighbours Regressor,22.35,22.35,0.0
K-Nearest Neighbours Regressor,7.75,7.75,0.0
K-Nearest Neighbours Regressor,30.44,30.44,0.0
K-Nearest Neighbours Regressor,31.18,31.18,0.0
K-Nearest Neighbours Regressor,29.45,29.450005913278464,-5.913278464220184e-06
K-Nearest Neighbours Regressor,68.3,68.3,0.0
K-Nearest Neighbours Regressor,123.2,110.53998179340267,12.660018206597329
K-Nearest Neighbours Regressor,75.5,75.5,0.0
K-Nearest Neighbours Regressor,25.18,22.351209763732598,2.828790236267402
K-Nearest Neighbours Regressor,107.1,93.97060778031933,13.129392219680668
K-Nearest Neighbours Regressor,32.76,32.76,0.0
K-Nearest Neighbours Regressor,49.19,49.18999863519826,1.3648017400669232e-06
K-Nearest Neighbours Regressor,20.92,20.92,0.0
K-Nearest Neighbours Regressor,144.5,170.03764247656758,-25.537642476567584
K-Nearest Neighbours Regressor,48.15,48.15,0.0
K-Nearest Neighbours Regressor,66.78,68.75,-1.9699999999999989
K-Nearest Neighbours Regressor,17.57,17.57,0.0
K-Nearest Neighbours Regressor,21.6,21.6,0.0
K-Nearest Neighbours Regressor,57.23,69.10848986347507,-11.878489863475075
K-Nearest Neighbours Regressor,56.63,56.63,0.0
K-Nearest Neighbours Regressor,32.96,32.96,0.0
K-Nearest Neighbours Regressor,65.91,64.65992483116416,1.250075168835835
K-Nearest Neighbours Regressor,14.5,14.5,0.0
K-Nearest Neighbours Regressor,4.57,4.57,0.0
K-Nearest Neighbours Regressor,16.5,16.500004806705114,-4.80670511393555e-06
K-Nearest Neighbours Regressor,102.8,90.04359248092887,12.756407519071132
K-Nearest Neighbours Regressor,123.05,86.40371238719426,36.646287612805736
K-Nearest Neighbours Regressor,58.9,70.94772926853523,-12.047729268535228
K-Nearest Neighbours Regressor,112.22,114.07333333333334,-1.8533333333333388
K-Nearest Neighbours Regressor,44.3,44.3,0.0
K-Nearest Neighbours Regressor,168.0,160.62975048187906,7.370249518120943
K-Nearest Neighbours Regressor,12.0,12.235966096865896,-0.2359660968658961
K-Nearest Neighbours Regressor,91.1,120.025049204479,-28.92504920447901
K-Nearest Neighbours Regressor,34.49,34.49,0.0
K-Nearest Neighbours Regressor,41.3,41.3,0.0
K-Nearest Neighbours Regressor,22.9,50.4,-27.5
K-Nearest Neighbours Regressor,23.69,23.69,0.0
K-Nearest Neighbours Regressor,56.4,51.16351531291611,5.2364846870838875
K-Nearest Neighbours Regressor,160.0,122.62207403657217,37.37792596342783
K-Nearest Neighbours Regressor,35.08,36.47202323638407,-1.3920232363840697
K-Nearest Neighbours Regressor,25.73,25.73,0.0
K-Nearest Neighbours Regressor,39.05,39.049999733120686,2.6687931153901445e-07
K-Nearest Neighbours Regressor,155.0,159.83290400785788,-4.832904007857877
K-Nearest Neighbours Regressor,169.0,169.0,0.0
K-Nearest Neighbours Regressor,62.05,62.049995918111335,4.081888661744415e-06
K-Nearest Neighbours Regressor,50.85,53.669518047390376,-2.8195180473903747
K-Nearest Neighbours Regressor,35.31,35.31,0.0
K-Nearest Neighbours Regressor,35.08,36.47202323638407,-1.3920232363840697
K-Nearest Neighbours Regressor,36.3,36.299997651319146,2.348680851582685e-06
K-Nearest Neighbours Regressor,24.58,24.58,0.0
K-Nearest Neighbours Regressor,27.22,27.22,0.0
K-Nearest Neighbours Regressor,13.62,13.62,0.0
K-Nearest Neighbours Regressor,175.9,158.749909528833,17.150090471167005
K-Nearest Neighbours Regressor,35.87,35.87,0.0
K-Nearest Neighbours Regressor,130.3,148.90621940438083,-18.606219404380823
K-Nearest Neighbours Regressor,14.84,14.84,0.0
K-Nearest Neighbours Regressor,52.83,50.385443689848984,2.4445563101510146
K-Nearest Neighbours Regressor,64.5,91.601130732916,-27.101130732916005
K-Nearest Neighbours Regressor,55.26,52.336898934725795,2.923101065274203
K-Nearest Neighbours Regressor,32.1,32.1,0.0
K-Nearest Neighbours Regressor,21.65,21.650001775274248,-1.775274249382619e-06
K-Nearest Neighbours Regressor,68.1,68.1,0.0
K-Nearest Neighbours Regressor,55.0,59.1089844046966,-4.108984404696599
K-Nearest Neighbours Regressor,45.08,45.08,0.0
K-Nearest Neighbours Regressor,60.29,60.29,0.0
K-Nearest Neighbours Regressor,65.98,64.18463643451761,1.7953635654823898
K-Nearest Neighbours Regressor,175.9,170.6824456820337,5.217554317966318
K-Nearest Neighbours Regressor,76.8,76.8,0.0
K-Nearest Neighbours Regressor,9.69,9.69,0.0
K-Nearest Neighbours Regressor,55.28,31.450914417391356,23.829085582608645
K-Nearest Neighbours Regressor,197.6,188.1142857142857,9.485714285714295
K-Nearest Neighbours Regressor,61.11,50.922782229800575,10.187217770199425
K-Nearest Neighbours Regressor,10.54,10.54,0.0
K-Nearest Neighbours Regressor,123.0,135.36823717615175,-12.368237176151752
K-Nearest Neighbours Regressor,73.3,70.50109383121215,2.798906168787852
K-Nearest Neighbours Regressor,50.77,50.77,0.0
K-Nearest Neighbours Regressor,35.75,37.656666666666666,-1.9066666666666663
K-Nearest Neighbours Regressor,42.7,42.7,0.0
K-Nearest Neighbours Regressor,6.0,11.566628751079218,-5.566628751079218
K-Nearest Neighbours Regressor,43.0,42.490222445343186,0.5097775546568144
K-Nearest Neighbours Regressor,18.29,18.29,0.0
K-Nearest Neighbours Regressor,56.14,58.16,-2.019999999999996
K-Nearest Neighbours Regressor,42.8,42.8,0.0
K-Nearest Neighbours Regressor,36.59,36.59,0.0
K-Nearest Neighbours Regressor,39.42,46.10620085674835,-6.68620085674835
K-Nearest Neighbours Regressor,59.59,59.589997037500446,2.9624995576682522e-06
K-Nearest Neighbours Regressor,170.9,169.29132655107452,1.6086734489254866
K-Nearest Neighbours Regressor,25.08,25.08,0.0
K-Nearest Neighbours Regressor,33.73,33.73,0.0
K-Nearest Neighbours Regressor,56.14,58.16,-2.019999999999996
K-Nearest Neighbours Regressor,82.0,123.01475390802905,-41.01475390802905
K-Nearest Neighbours Regressor,97.4,95.7,1.7000000000000028
K-Nearest Neighbours Regressor,177.0,174.8,2.1999999999999886
K-Nearest Neighbours Regressor,55.45,55.45,0.0
K-Nearest Neighbours Regressor,52.5,59.69996590985773,-7.199965909857731
K-Nearest Neighbours Regressor,23.79,23.79,0.0
K-Nearest Neighbours Regressor,11.65,11.650007023172149,-7.023172148734602e-06
K-Nearest Neighbours Regressor,36.15,38.597380449801996,-2.4473804498019973
K-Nearest Neighbours Regressor,14.4,14.400004601868744,-4.601868743847604e-06
K-Nearest Neighbours Regressor,24.4,24.4,0.0
K-Nearest Neighbours Regressor,36.44,36.44,0.0
K-Nearest Neighbours Regressor,44.03,44.03,0.0
K-Nearest Neighbours Regressor,60.95,60.95,0.0
K-Nearest Neighbours Regressor,42.13,42.13,0.0
K-Nearest Neighbours Regressor,47.71,47.78174193121073,-0.07174193121073102
K-Nearest Neighbours Regressor,39.0,38.999998135859705,1.8641402945718255e-06
K-Nearest Neighbours Regressor,36.94,36.93999106615408,8.93384591904578e-06
K-Nearest Neighbours Regressor,119.1,105.49084231249466,13.60915768750533
K-Nearest Neighbours Regressor,40.06,38.21763157951861,1.8423684204813924
K-Nearest Neighbours Regressor,43.57,43.57,0.0
K-Nearest Neighbours Regressor,110.42,114.02289360612056,-3.60289360612056
K-Nearest Neighbours Regressor,43.57,43.569999787677304,2.1232269631354939e-07
K-Nearest Neighbours Regressor,22.75,31.238683913208337,-8.488683913208337
K-Nearest Neighbours Regressor,56.34,56.34,0.0
K-Nearest Neighbours Regressor,46.64,49.991853186720476,-3.3518531867204757
K-Nearest Neighbours Regressor,28.3,28.3,0.0
K-Nearest Neighbours Regressor,66.42,66.42,0.0
K-Nearest Neighbours Regressor,44.3,40.53906599692092,3.760934003079079
K-Nearest Neighbours Regressor,17.58,17.58,0.0
K-Nearest Neighbours Regressor,15.82,15.82,0.0
K-Nearest Neighbours Regressor,18.13,18.130002482983485,-2.4829834863737688e-06
K-Nearest Neighbours Regressor,64.9,64.9,0.0
K-Nearest Neighbours Regressor,45.08,45.079991318106046,8.681893952200426e-06
K-Nearest Neighbours Regressor,9.01,9.01002930728914,-2.9307289139524073e-05
K-Nearest Neighbours Regressor,77.01,75.58661432783748,1.4233856721625244
K-Nearest Neighbours Regressor,25.42,25.42,0.0
K-Nearest Neighbours Regressor,120.7,106.0306864258863,14.669313574113701
K-Nearest Neighbours Regressor,23.84,23.84,0.0
K-Nearest Neighbours Regressor,123.4,95.37401811264306,28.02598188735695
K-Nearest Neighbours Regressor,172.5,173.72934850323995,-1.2293485032399474
K-Nearest Neighbours Regressor,130.3,138.88327091955608,-8.583270919556071
K-Nearest Neighbours Regressor,34.15,42.12738914941954,-7.977389149419544
K-Nearest Neighbours Regressor,21.86,21.8600026306491,-2.6306490994443266e-06
K-Nearest Neighbours Regressor,24.28,17.004077974734415,7.2759220252655865
K-Nearest Neighbours Regressor,36.45,36.45,0.0
K-Nearest Neighbours Regressor,49.97,49.97,0.0
K-Nearest Neighbours Regressor,59.76,59.75998961872707,1.0381272929294028e-05
K-Nearest Neighbours Regressor,41.93,41.93,0.0
K-Nearest Neighbours Regressor,161.6,135.5142590811589,26.085740918841083
K-Nearest Neighbours Regressor,118.7,126.98184879264889,-8.281848792648887
K-Nearest Neighbours Regressor,52.91,52.91,0.0
K-Nearest Neighbours Regressor,79.3,79.3,0.0
K-Nearest Neighbours Regressor,86.7,70.38124467612892,16.318755323871088
Neural Network Regressor,37.43,33.11009670830097,4.319903291699028
Neural Network Regressor,52.91,41.63971295769143,11.270287042308567
Neural Network Regressor,6.88,12.856049135475107,-5.976049135475107
Neural Network Regressor,27.83,27.926736162447998,-0.09673616244799987
Neural Network Regressor,42.62,46.00058960844164,-3.380589608441646
Neural Network Regressor,16.0,10.89743780249621,5.10256219750379
Neural Network Regressor,100.1,123.19584652163837,-23.09584652163838
Neural Network Regressor,11.36,12.32824706938059,-0.96824706938059
Neural Network Regressor,39.15,42.95289289988735,-3.802892899887354
Neural Network Regressor,14.7,24.431146254997138,-9.731146254997139
Neural Network Regressor,44.52,56.922955463396086,-12.402955463396083
Neural Network Regressor,37.43,33.11009670830097,4.319903291699028
Neural Network Regressor,28.1,39.011072338119455,-10.911072338119453
Neural Network Regressor,114.44,108.42632831852683,6.01367168147317
Neural Network Regressor,39.49,39.92624059688925,-0.4362405968892489
Neural Network Regressor,168.0,126.5912828873669,41.4087171126331
Neural Network Regressor,55.32,88.34477688296487,-33.024776882964865
Neural Network Regressor,15.62,18.844780696524897,-3.2247806965248973
Neural Network Regressor,139.3,124.85271268193236,14.447287318067652
Neural Network Regressor,98.3,127.9408066557962,-29.640806655796197
Neural Network Regressor,31.42,34.538845499887444,-3.118845499887442
Neural Network Regressor,39.45,37.25519964783332,2.1948003521666806
Neural Network Regressor,19.99,23.779367631575695,-3.789367631575697
Neural Network Regressor,10.73,13.505540519368965,-2.775540519368965
Neural Network Regressor,40.9,50.56848353707645,-9.668483537076455
Neural Network Regressor,35.76,35.95419485523252,-0.19419485523252433
Neural Network Regressor,39.5,44.767522045073015,-5.267522045073015
Neural Network Regressor,107.6,133.75390413430543,-26.153904134305435
Neural Network Regressor,58.4,63.969857043688926,-5.569857043688927
Neural Network Regressor,29.87,31.31597221836339,-1.4459722183633907
Neural Network Regressor,28.6,46.91009668040105,-18.310096680401045
Neural Network Regressor,120.6,95.14479681254166,25.455203187458338
Neural Network Regressor,21.18,22.28524019051866,-1.1052401905186606
Neural Network Regressor,106.3,101.45947157295487,4.840528427045129
Neural Network Regressor,9.13,14.609969252875354,-5.479969252875353
Neural Network Regressor,130.6,143.66789023637475,-13.067890236374751
Neural Network Regressor,44.3,46.990446078674985,-2.690446078674988
Neural Network Regressor,62.5,81.03474750422667,-18.534747504226672
Neural Network Regressor,53.52,39.098143538050856,14.421856461949147
Neural Network Regressor,7.0,3.421669423640905,3.578330576359095
Neural Network Regressor,46.93,35.918034597165594,11.011965402834406
Neural Network Regressor,85.1,99.121160153811,-14.02116015381101
Neural Network Regressor,21.3,23.49768756330326,-2.1976875633032584
Neural Network Regressor,12.84,11.695713792316704,1.1442862076832956
Neural Network Regressor,10.39,14.139139778047136,-3.7491397780471356
Neural Network Regressor,19.77,29.442494150683615,-9.672494150683615
Neural Network Regressor,14.94,19.908185098297835,-4.968185098297836
Neural Network Regressor,25.18,28.968387637753196,-3.788387637753196
Neural Network Regressor,23.5,36.4612204053853,-12.961220405385298
Neural Network Regressor,166.7,157.94503512607264,8.75496487392735
Neural Network Regressor,62.1,111.11759760926405,-49.01759760926405
Neural Network Regressor,55.16,60.491168026932776,-5.3311680269327795
Neural Network Regressor,162.8,137.79973010667595,25.00026989332406
Neural Network Regressor,36.84,39.28184669772446,-2.4418466977244577
Neural Network Regressor,50.66,36.722791154972874,13.937208845027122
Neural Network Regressor,18.2,23.08928607258468,-4.889286072584682
Neural Network Regressor,10.0,5.588872465492428,4.411127534507572
Neural Network Regressor,118.0,114.60851734102415,3.391482658975846
Neural Network Regressor,25.57,25.322119894719922,0.2478801052800783
Neural Network Regressor,38.02,40.56179466995287,-2.541794669952864
Neural Network Regressor,12.18,14.498791962733135,-2.318791962733135
Neural Network Regressor,18.0,9.970428592207881,8.029571407792119
Neural Network Regressor,21.95,28.1527968182226,-6.202796818222602
Neural Network Regressor,44.7,53.64084143301344,-8.94084143301344
Neural Network Regressor,220.2,195.81343119590252,24.386568804097465
Neural Network Regressor,28.0,30.403773856151986,-2.403773856151986
Neural Network Regressor,25.45,29.140752173932277,-3.690752173932278
Neural Network Regressor,50.08,59.902191100934324,-9.822191100934326
Neural Network Regressor,15.09,23.966398045960428,-8.876398045960428
Neural Network Regressor,33.12,45.079301897634814,-11.959301897634816
Neural Network Regressor,9.85,13.66467375184138,-3.814673751841381
Neural Network Regressor,178.1,180.8052437525678,-2.70524375256781
Neural Network Regressor,41.68,38.60733640634171,3.072663593658291
Neural Network Regressor,50.95,36.118182681888314,14.831817318111689
Neural Network Regressor,52.44,43.47872938033902,8.96127061966098
Neural Network Regressor,31.42,34.53277892616035,-3.1127789261603453
Neural Network Regressor,12.55,14.096789407849913,-1.5467894078499125
Neural Network Regressor,44.21,41.74390785439389,2.466092145606112
Neural Network Regressor,60.2,74.93589015062638,-14.735890150626375
Neural Network Regressor,31.97,37.10461706214289,-5.134617062142894
Neural Network Regressor,40.86,27.533862876159525,13.326137123840475
Neural Network Regressor,46.64,49.72872106942085,-3.088721069420849
Neural Network Regressor,53.46,46.14163393576971,7.31836606423029
Neural Network Regressor,37.36,32.26519706310148,5.0948029368985175
Neural Network Regressor,26.31,23.06553939525422,3.244460604745779
Neural Network Regressor,138.3,132.2609096577926,6.039090342207402
Neural Network Regressor,68.0,76.90983708163476,-8.909837081634763
Neural Network Regressor,159.1,153.86129431976627,5.238705680233721
Neural Network Regressor,41.1,43.32100615947559,-2.2210061594755857
Neural Network Regressor,71.99,61.682100745983185,10.30789925401681
Neural Network Regressor,55.55,50.988001512160466,4.561998487839531
Neural Network Regressor,19.11,24.864998296345547,-5.754998296345548
Neural Network Regressor,177.2,191.66528125515524,-14.465281255155247
Neural Network Regressor,144.7,197.21163777102103,-52.51163777102104
Neural Network Regressor,36.8,35.237297457553886,1.562702542446111
Neural Network Regressor,35.85,43.7116082348245,-7.8616082348245016
Neural Network Regressor,66.43,60.744427893505495,5.6855721064945115
Neural Network Regressor,43.0,41.058672771261506,1.9413272287384942
Neural Network Regressor,24.29,16.52861045252569,7.761389547474309
Neural Network Regressor,67.57,61.08000680828486,6.489993191715136
Neural Network Regressor,41.54,45.977545299825344,-4.437545299825345
Neural Network Regressor,71.62,73.13485980733988,-1.5148598073398745
Neural Network Regressor,79.99,57.860171593432696,22.1298284065673
Neural Network Regressor,192.2,188.2564037983254,3.9435962016745805
Neural Network Regressor,29.41,32.734229620652904,-3.324229620652904
Neural Network Regressor,20.42,22.541393765964614,-2.121393765964612
Neural Network Regressor,122.9,125.3571587714181,-2.4571587714180936
Neural Network Regressor,111.0,119.02247159284315,-8.022471592843146
Neural Network Regressor,27.63,25.640827807240044,1.9891721927599555
Neural Network Regressor,38.27,34.12851999777228,4.141480002227723
Neural Network Regressor,19.52,18.607788966728506,0.9122110332714932
Neural Network Regressor,32.63,38.90141696040507,-6.27141696040507
Neural Network Regressor,49.71,39.18946340456318,10.520536595436823
Neural Network Regressor,116.2,153.67619759810324,-37.47619759810324
Neural Network Regressor,156.1,158.6781233334404,-2.578123333440402
Neural Network Regressor,39.94,36.27087439167794,3.669125608322055
Neural Network Regressor,103.5,125.32517055314494,-21.825170553144943
Neural Network Regressor,75.8,89.02890364793492,-13.228903647934928
Neural Network Regressor,35.23,29.73898961154279,5.491010388457205
Neural Network Regressor,123.66,121.71411626255325,1.9458837374467493
Neural Network Regressor,153.9,114.97618398470495,38.92381601529506
Neural Network Regressor,53.77,45.32016989418527,8.449830105814733
Neural Network Regressor,26.86,27.857152507454018,-0.9971525074540182
Neural Network Regressor,34.9,41.1146974924769,-6.214697492476901
Neural Network Regressor,103.0,115.91380691154535,-12.91380691154535
Neural Network Regressor,61.14,61.60203256288805,-0.46203256288804795
Neural Network Regressor,21.29,17.654273876099758,3.635726123900241
Neural Network Regressor,108.3,113.04246484282949,-4.7424648428294915
Neural Network Regressor,52.53,42.50876269669208,10.02123730330792
Neural Network Regressor,33.69,34.206145524501565,-0.5161455245015674
Neural Network Regressor,117.5,121.7064112226743,-4.206411222674305
Neural Network Regressor,49.2,46.3288906790686,2.871109320931403
Neural Network Regressor,38.0,44.623530098876785,-6.623530098876785
Neural Network Regressor,29.22,28.110707702448657,1.1092922975513417
Neural Network Regressor,31.02,34.437700340421095,-3.4177003404210957
Neural Network Regressor,15.87,22.23752905353822,-6.367529053538222
Neural Network Regressor,130.2,121.95693810975449,8.2430618902455
Neural Network Regressor,96.3,96.02622932649915,0.2737706735008487
Neural Network Regressor,57.23,57.35095678980093,-0.12095678980093538
Neural Network Regressor,55.26,40.66921526786579,14.59078473213421
Neural Network Regressor,18.91,16.47851327013354,2.43148672986646
Neural Network Regressor,9.45,15.623394353223217,-6.173394353223218
Neural Network Regressor,50.53,51.169008058536924,-0.6390080585369233
Neural Network Regressor,29.93,21.663816317396687,8.266183682603312
Neural Network Regressor,124.94,149.6499609027333,-24.709960902733314
Neural Network Regressor,14.54,30.290254778604822,-15.750254778604823
Neural Network Regressor,49.3,45.6326564692277,3.6673435307722997
Neural Network Regressor,28.99,32.936018573486336,-3.946018573486338
Neural Network Regressor,9.99,8.943302830915139,1.0466971690848617
Neural Network Regressor,9.56,28.38613779100004,-18.826137791000036
Neural Network Regressor,13.4,20.778551484939094,-7.378551484939093
Neural Network Regressor,26.85,27.95404040099207,-1.1040404009920692
Neural Network Regressor,124.1,144.8994874608978,-20.799487460897808
Neural Network Regressor,161.9,170.4656727241122,-8.565672724112204
Neural Network Regressor,28.63,34.599185387837494,-5.969185387837495
Neural Network Regressor,36.94,40.268145261984515,-3.328145261984517
Neural Network Regressor,46.23,41.80448192647598,4.425518073524017
Neural Network Regressor,43.7,54.495013957425286,-10.795013957425283
Neural Network Regressor,17.54,20.82815323173615,-3.2881532317361497
Neural Network Regressor,44.21,43.08100544649951,1.1289945535004904
Neural Network Regressor,43.89,46.03546082717116,-2.1454608271711564
Neural Network Regressor,160.6,138.39867570665518,22.20132429334481
Neural Network Regressor,31.35,38.371378551946584,-7.021378551946583
Neural Network Regressor,36.97,42.271824672327945,-5.301824672327946
Neural Network Regressor,32.4,33.973818765625246,-1.5738187656252478
Neural Network Regressor,24.29,16.52861045252569,7.761389547474309
Neural Network Regressor,92.8,102.05525295288355,-9.255252952883552
Neural Network Regressor,179.0,154.78299626316627,24.217003736833732
Neural Network Regressor,29.23,28.69885801794234,0.5311419820576617
Neural Network Regressor,16.28,25.960469720070957,-9.680469720070956
Neural Network Regressor,122.93,113.06556550844532,9.86443449155469
Neural Network Regressor,130.6,146.50256411909828,-15.902564119098287
Neural Network Regressor,83.6,86.14383854020373,-2.543838540203737
Neural Network Regressor,77.8,104.34472888497905,-26.54472888497905
Neural Network Regressor,33.19,31.800554091135066,1.389445908864932
Neural Network Regressor,26.91,32.69742954853826,-5.78742954853826
Neural Network Regressor,33.04,41.43458081217823,-8.394580812178233
Neural Network Regressor,147.7,136.16201919600874,11.537980803991246
Neural Network Regressor,20.0,21.920635381527457,-1.9206353815274575
Neural Network Regressor,36.15,39.72885769400698,-3.5788576940069845
Neural Network Regressor,21.48,28.82942299782687,-7.349422997826871
Neural Network Regressor,40.86,27.533862876159525,13.326137123840475
Neural Network Regressor,12.84,11.695713792316704,1.1442862076832956
Neural Network Regressor,96.5,83.91093543401139,12.589064565988608
Neural Network Regressor,170.5,157.79423370149615,12.705766298503846
Neural Network Regressor,167.7,158.06046759993163,9.639532400068362
Neural Network Regressor,125.0,112.15899960914048,12.84100039085952
Neural Network Regressor,14.14,29.984816868248757,-15.844816868248756
Neural Network Regressor,11.58,12.508991547770314,-0.9289915477703143
Neural Network Regressor,115.5,138.70424954988087,-23.20424954988087
Neural Network Regressor,51.06,53.811301902916334,-2.7513019029163317
Neural Network Regressor,65.91,48.67630858465642,17.23369141534358
Neural Network Regressor,41.37,54.081053256254556,-12.711053256254559
Neural Network Regressor,193.5,188.2564037983254,5.243596201674592
Neural Network Regressor,40.68,37.40599330929824,3.2740066907017606
Neural Network Regressor,26.14,27.80077760299625,-1.660777602996248
Neural Network Regressor,119.7,126.54451234015852,-6.844512340158516
Neural Network Regressor,20.59,13.295280745565055,7.294719254434945
Neural Network Regressor,170.0,153.10054077396177,16.899459226038232
Neural Network Regressor,15.44,16.626232965926587,-1.1862329659265871
Neural Network Regressor,25.69,18.860897933285386,6.829102066714615
Neural Network Regressor,30.45,29.401259623795884,1.0487403762041154
Neural Network Regressor,109.2,94.5857611907273,14.614238809272706
Neural Network Regressor,67.7,55.76449431700779,11.935505682992215
Neural Network Regressor,32.11,32.39275933764781,-0.2827593376478106
Neural Network Regressor,70.3,91.12735273303373,-20.827352733033734
Neural Network Regressor,77.9,93.19233842271902,-15.292338422719013
Neural Network Regressor,31.84,33.15272410207782,-1.3127241020778193
Neural Network Regressor,34.77,36.31564376856567,-1.545643768565668
Neural Network Regressor,53.1,79.77013778896732,-26.670137788967317
Neural Network Regressor,42.95,32.92923051813768,10.020769481862324
Neural Network Regressor,202.2,188.2564037983254,13.94359620167458
Neural Network Regressor,49.77,37.32718979528021,12.442810204719791
Neural Network Regressor,37.27,46.352380293864215,-9.082380293864212
Neural Network Regressor,93.8,106.22995466061168,-12.429954660611685
Neural Network Regressor,31.03,22.41079212214368,8.619207877856322
Neural Network Regressor,157.2,128.82860760569062,28.371392394309368
Neural Network Regressor,27.23,30.739136746170317,-3.5091367461703165
Neural Network Regressor,53.08,103.00503585545356,-49.92503585545356
Neural Network Regressor,30.12,32.13724596854122,-2.0172459685412214
Neural Network Regressor,139.2,134.46699753156773,4.733002468432261
Neural Network Regressor,39.64,41.22962548083587,-1.5896254808358705
Neural Network Regressor,78.0,100.5173043875529,-22.517304387552898
Neural Network Regressor,36.1,117.02476786934113,-80.92476786934114
Neural Network Regressor,16.26,20.251337954135263,-3.991337954135261
Neural Network Regressor,54.32,51.18742590325508,3.132574096744918
Neural Network Regressor,45.85,32.31614626769731,13.533853732302688
Neural Network Regressor,154.4,114.2654825455737,40.1345174544263
Neural Network Regressor,50.46,54.96478819846055,-4.5047881984605525
Neural Network Regressor,46.39,33.18594541684416,13.204054583155838
Neural Network Regressor,53.0,97.97840114845583,-44.97840114845583
Neural Network Regressor,37.0,41.601061210835276,-4.601061210835276
Neural Network Regressor,53.96,48.941762757755406,5.018237242244595
Neural Network Regressor,39.42,37.098353081561505,2.3216469184384962
Neural Network Regressor,68.75,62.41632826793388,6.333671732066122
Neural Network Regressor,146.5,115.15081383447118,31.34918616552882
Neural Network Regressor,31.27,28.460855768442862,2.8091442315571378
Neural Network Regressor,11.17,7.916955677782565,3.253044322217435
Neural Network Regressor,133.3,112.59970469841676,20.700295301583253
Neural Network Regressor,72.3,62.68123711004419,9.61876288995581
Neural Network Regressor,27.68,33.240279665281236,-5.560279665281236
Neural Network Regressor,130.7,120.43573992732111,10.26426007267888
Neural Network Regressor,55.0,44.810607774733334,10.189392225266666
Neural Network Regressor,20.73,19.26837894937016,1.4616210506298408
Neural Network Regressor,143.0,151.3793073857474,-8.37930738574741
Neural Network Regressor,111.5,107.78186418883847,3.718135811161531
Neural Network Regressor,43.0,50.78806677108241,-7.788066771082413
Neural Network Regressor,68.9,118.53496618714081,-49.634966187140805
Neural Network Regressor,23.52,25.047520811837906,-1.5275208118379062
Neural Network Regressor,61.86,58.27895150185525,3.581048498144746
Neural Network Regressor,22.72,20.61242033654888,2.1075796634511192
Neural Network Regressor,125.56,102.31019303096741,23.24980696903259
Neural Network Regressor,11.98,16.178302803601458,-4.198302803601457
Neural Network Regressor,103.18,104.21318351607046,-1.0331835160704514
Neural Network Regressor,71.9,79.83704495524113,-7.93704495524112
Neural Network Regressor,39.23,68.56695814457346,-29.336958144573465
Neural Network Regressor,12.73,11.451537376954272,1.278462623045728
Neural Network Regressor,37.68,55.78914991788488,-18.109149917884878
Neural Network Regressor,71.7,63.55625054255023,8.143749457449772
Neural Network Regressor,24.28,19.065805831258366,5.214194168741635
Neural Network Regressor,60.29,57.21087882358092,3.079121176419079
Neural Network Regressor,56.4,65.86062681240122,-9.460626812401223
Neural Network Regressor,38.0,37.69574000293659,0.30425999706341145
Neural Network Regressor,31.97,37.10461706214289,-5.134617062142894
Neural Network Regressor,100.2,91.28543768032812,8.914562319671887
Neural Network Regressor,62.9,66.01629779652471,-3.1162977965247123
Neural Network Regressor,38.46,37.33527170174086,1.124728298259143
Neural Network Regressor,147.3,116.52531884133145,30.774681158668557
Neural Network Regressor,79.3,70.22320765062938,9.07679234937062
Neural Network Regressor,29.59,34.782266251881246,-5.192266251881247
Neural Network Regressor,56.62,44.41661595327845,12.203384046721546
Neural Network Regressor,24.85,26.239680463137486,-1.3896804631374842
Neural Network Regressor,19.93,13.774907009980556,6.155092990019444
Neural Network Regressor,108.6,109.59635085197657,-0.9963508519765725
Neural Network Regressor,74.17,80.07883853498974,-5.908838534989741
Neural Network Regressor,19.74,20.432620223803248,-0.6926202238032495
Neural Network Regressor,165.0,153.3382997296175,11.66170027038251
Neural Network Regressor,94.5,115.31325288926689,-20.81325288926689
Neural Network Regressor,33.3,34.221759384923764,-0.9217593849237673
Neural Network Regressor,17.82,31.489022679290635,-13.669022679290634
Neural Network Regressor,26.74,32.24518783339281,-5.505187833392814
Neural Network Regressor,44.14,52.340978256105615,-8.200978256105614
Neural Network Regressor,133.0,130.46196068266204,2.5380393173379616
Neural Network Regressor,126.0,105.33827771605654,20.66172228394346
Neural Network Regressor,54.28,51.37848570847483,2.9015142915251744
Neural Network Regressor,173.2,146.38194165593097,26.818058344069016
Neural Network Regressor,105.37,106.56340549966832,-1.1934054996683159
Neural Network Regressor,108.3,112.50076591338079,-4.200765913380792
Neural Network Regressor,15.75,21.207334574423406,-5.457334574423406
Neural Network Regressor,24.07,27.546818023082714,-3.476818023082714
Neural Network Regressor,55.9,43.153618929657114,12.746381070342885
Neural Network Regressor,51.02,53.8661122482408,-2.8461122482408
Neural Network Regressor,139.0,128.69981435120326,10.300185648796742
Neural Network Regressor,153.3,102.06809134449799,51.231908655502025
Neural Network Regressor,43.73,33.20966742185391,10.520332578146089
Neural Network Regressor,8.0,13.938472091616262,-5.938472091616262
Neural Network Regressor,82.09,103.40775174232586,-21.317751742325854
Neural Network Regressor,45.0,44.08158806862528,0.9184119313747203
Neural Network Regressor,35.17,38.35773239651372,-3.1877323965137165
Neural Network Regressor,45.9,39.18633189492966,6.71366810507034
Neural Network Regressor,37.91,36.014245511491936,1.8957544885080608
Neural Network Regressor,31.87,33.02900521820913,-1.1590052182091277
Neural Network Regressor,71.3,55.50661851207621,15.793381487923789
Neural Network Regressor,25.48,15.738077939233696,9.741922060766305
Neural Network Regressor,39.42,36.953110890919184,2.4668891090808174
Neural Network Regressor,113.9,126.15156473978264,-12.251564739782637
Neural Network Regressor,57.9,94.33305879173663,-36.433058791736634
Neural Network Regressor,44.4,43.231458810928565,1.1685411890714335
Neural Network Regressor,36.35,38.14840308760488,-1.798403087604882
Neural Network Regressor,11.39,11.655289166738777,-0.26528916673877667
Neural Network Regressor,37.17,34.531670999511164,2.638329000488838
Neural Network Regressor,16.0,21.79778196028263,-5.797781960282631
Neural Network Regressor,21.5,21.190486713897503,0.3095132861024972
Neural Network Regressor,29.59,34.782266251881246,-5.192266251881247
Neural Network Regressor,79.69,82.43238016421873,-2.74238016421873
Neural Network Regressor,77.3,66.89836990057216,10.401630099427834
Neural Network Regressor,99.33,116.4210040667521,-17.091004066752106
Neural Network Regressor,33.0,25.5746722453694,7.425327754630601
Neural Network Regressor,37.36,32.08219489231146,5.277805107688536
Neural Network Regressor,33.76,37.788589097491034,-4.028589097491036
Neural Network Regressor,127.4,118.55820575824178,8.841794241758222
Neural Network Regressor,42.64,32.50387548610749,10.136124513892511
Neural Network Regressor,46.08,47.87465204241939,-1.7946520424193935
Neural Network Regressor,18.2,23.08928607258468,-4.889286072584682
Neural Network Regressor,8.06,14.95850358051715,-6.898503580517149
Neural Network Regressor,10.54,20.549321647575375,-10.009321647575376
Neural Network Regressor,15.07,15.431827058774537,-0.36182705877453714
Neural Network Regressor,64.4,66.97230261660812,-2.5723026166081127
Neural Network Regressor,48.32,55.22977470232606,-6.909774702326061
Neural Network Regressor,17.84,22.212878146092,-4.372878146091999
Neural Network Regressor,29.98,38.36714395649384,-8.38714395649384
Neural Network Regressor,12.18,13.173017411966427,-0.9930174119664272
Neural Network Regressor,160.1,149.36282357681765,10.737176423182348
Neural Network Regressor,31.81,25.757743540492253,6.0522564595077455
Neural Network Regressor,108.73,115.80014772582238,-7.07014772582238
Neural Network Regressor,23.08,18.57342369950473,4.506576300495269
Neural Network Regressor,21.29,17.654273876099758,3.635726123900241
Neural Network Regressor,73.3,66.41246540228381,6.887534597716183
Neural Network Regressor,51.3,45.6326564692277,5.6673435307723
Neural Network Regressor,14.6,16.296240013091026,-1.6962400130910265
Neural Network Regressor,15.57,23.8070866655588,-8.237086665558799
Neural Network Regressor,77.3,66.89836990057216,10.401630099427834
Neural Network Regressor,21.59,29.141445066252274,-7.551445066252274
Neural Network Regressor,30.23,25.865683467057615,4.364316532942386
Neural Network Regressor,39.42,37.098353081561505,2.3216469184384962
Neural Network Regressor,40.87,39.702440203487335,1.1675597965126627
Neural Network Regressor,52.2,35.59357913576417,16.60642086423583
Neural Network Regressor,69.66,60.030545986961535,9.629454013038462
Neural Network Regressor,54.6,49.46422724579741,5.135772754202591
Neural Network Regressor,53.1,98.71508643207603,-45.61508643207603
Neural Network Regressor,21.83,43.231178311926875,-21.401178311926877
Neural Network Regressor,148.6,139.56191893419083,9.038081065809166
Neural Network Regressor,71.3,55.50661851207621,15.793381487923789
Neural Network Regressor,129.79,105.89824556269853,23.891754437301458
Neural Network Regressor,53.52,51.42563539009941,2.0943646099005946
Neural Network Regressor,111.0,96.36455464024193,14.635445359758066
Neural Network Regressor,47.1,49.050283876435124,-1.9502838764351225
Neural Network Regressor,71.3,55.50661851207621,15.793381487923789
Neural Network Regressor,2.33,4.705291703503277,-2.375291703503277
Neural Network Regressor,33.54,43.29628891563764,-9.75628891563764
Neural Network Regressor,76.0,123.19930672192166,-47.19930672192166
Neural Network Regressor,36.99,28.965375316978125,8.024624683021877
Neural Network Regressor,36.35,38.14840308760488,-1.798403087604882
Neural Network Regressor,149.7,124.85271268193236,24.84728731806763
Neural Network Regressor,44.87,32.85662561594054,12.01337438405946
Neural Network Regressor,42.14,37.978935888521626,4.161064111478375
Neural Network Regressor,31.97,30.322532998082245,1.6474670019177537
Neural Network Regressor,35.36,38.2492793591885,-2.8892793591884995
Neural Network Regressor,48.28,37.49502458319389,10.784975416806112
Neural Network Regressor,21.91,23.05514172148702,-1.1451417214870183
Neural Network Regressor,204.4,153.07302333693147,51.326976663068535
Neural Network Regressor,40.0,37.300355574845376,2.6996444251546237
Neural Network Regressor,13.46,25.03857137982961,-11.578571379829608
Neural Network Regressor,82.6,83.30652496628439,-0.7065249662843911
Neural Network Regressor,197.9,188.2564037983254,9.643596201674598
Neural Network Regressor,50.66,36.722791154972874,13.937208845027122
Neural Network Regressor,136.34,112.96458829357742,23.375411706422582
Neural Network Regressor,39.16,31.965852036662838,7.194147963337159
Neural Network Regressor,59.0,93.45758676092444,-34.45758676092444
Neural Network Regressor,68.49,106.88544935093775,-38.39544935093775
Neural Network Regressor,40.15,34.86773592616309,5.282264073836906
Neural Network Regressor,37.72,44.12185285797247,-6.401852857972472
Neural Network Regressor,39.61,40.82531307276175,-1.2153130727617523
Neural Network Regressor,28.63,36.620372626794854,-7.990372626794855
Neural Network Regressor,37.4,30.379462301047262,7.020537698952737
Neural Network Regressor,35.85,43.7116082348245,-7.8616082348245016
Neural Network Regressor,195.2,196.8054131146367,-1.6054131146367183
Neural Network Regressor,150.0,134.9979147669165,15.002085233083505
Neural Network Regressor,35.76,35.95419485523252,-0.19419485523252433
Neural Network Regressor,39.1,44.767522045073015,-5.667522045073014
Neural Network Regressor,33.01,24.256147145892193,8.753852854107805
Neural Network Regressor,25.46,30.889102037536258,-5.429102037536257
Neural Network Regressor,74.5,65.76018701690812,8.73981298309188
Neural Network Regressor,15.36,23.023755579731304,-7.663755579731305
Neural Network Regressor,57.2,66.86213121310497,-9.66213121310497
Neural Network Regressor,151.8,139.24635957557638,12.553640424423634
Neural Network Regressor,51.04,51.5121874253147,-0.4721874253147007
Neural Network Regressor,128.8,120.26268776753012,8.537312232469887
Neural Network Regressor,116.31,113.95200437865854,2.357995621341459
Neural Network Regressor,22.75,37.135429243378304,-14.385429243378304
Neural Network Regressor,48.4,44.00705145639085,4.392948543609151
Neural Network Regressor,69.0,81.05918512706732,-12.059185127067323
Neural Network Regressor,49.99,52.00308622715067,-2.0130862271506658
Neural Network Regressor,46.93,35.918034597165594,11.011965402834406
Neural Network Regressor,114.9,113.04246484282949,1.857535157170517
Neural Network Regressor,32.11,32.39275933764781,-0.2827593376478106
Neural Network Regressor,124.7,155.594810173014,-30.894810173013994
Neural Network Regressor,27.68,33.16877490171847,-5.488774901718472
Neural Network Regressor,37.33,35.23685043422366,2.0931495657763364
Neural Network Regressor,52.83,39.96627743373747,12.863722566262531
Neural Network Regressor,125.1,143.59332110570446,-18.493321105704467
Neural Network Regressor,122.93,91.81027187051457,31.119728129485438
Neural Network Regressor,50.53,51.169008058536924,-0.6390080585369233
Neural Network Regressor,74.5,65.76018701690812,8.73981298309188
Neural Network Regressor,24.0,27.5029951756884,-3.502995175688401
Neural Network Regressor,63.14,42.51692205507309,20.623077944926912
Neural Network Regressor,56.83,49.7269164958903,7.103083504109698
Neural Network Regressor,92.48,119.7503228633444,-27.27032286334439
Neural Network Regressor,51.96,49.455006006047036,2.504993993952965
Neural Network Regressor,65.35,87.24977415812347,-21.899774158123478
Neural Network Regressor,38.22,47.867518310221634,-9.647518310221635
Neural Network Regressor,52.3,42.1446148386898,10.1553851613102
Neural Network Regressor,184.4,188.2564037983254,-3.8564037983254025
Neural Network Regressor,66.78,62.41632826793388,4.363671732066123
Neural Network Regressor,14.7,24.431146254997138,-9.731146254997139
Neural Network Regressor,38.21,37.768409590977676,0.44159040902232505
Neural Network Regressor,178.0,190.98671144877542,-12.986711448775424
Neural Network Regressor,51.73,36.54600002941687,15.18399997058313
Neural Network Regressor,24.24,38.61748594021467,-14.377485940214672
Neural Network Regressor,4.83,12.625565839686004,-7.795565839686004
Neural Network Regressor,45.37,60.053984772848,-14.683984772848
Neural Network Regressor,47.71,35.15619854860487,12.553801451395131
Neural Network Regressor,175.8,125.55604323402768,50.24395676597233
Neural Network Regressor,20.0,20.91800642458288,-0.918006424582881
Neural Network Regressor,67.61,96.12635068692721,-28.51635068692721
Neural Network Regressor,25.18,26.638445505362384,-1.4584455053623842
Neural Network Regressor,41.05,42.03272930018653,-0.9827293001865343
Neural Network Regressor,37.17,34.57215526207576,2.597844737924241
Neural Network Regressor,74.7,55.298016844360724,19.40198315563928
Neural Network Regressor,13.29,16.907698963202925,-3.617698963202926
Neural Network Regressor,52.82,39.89336093473485,12.92663906526515
Neural Network Regressor,41.54,35.5921374280722,5.9478625719278
Neural Network Regressor,17.54,17.44818839790385,0.09181160209615058
Neural Network Regressor,33.4,33.53797262370745,-0.1379726237074479
Neural Network Regressor,9.45,15.623394353223217,-6.173394353223218
Neural Network Regressor,29.79,29.011143749065724,0.7788562509342754
Neural Network Regressor,27.53,25.982022989275833,1.5479770107241677
Neural Network Regressor,40.06,35.77596927949864,4.284030720501363
Neural Network Regressor,29.23,28.69885801794234,0.5311419820576617
Neural Network Regressor,39.7,46.58756009756406,-6.887560097564055
Neural Network Regressor,15.52,19.629481983849708,-4.109481983849708
Neural Network Regressor,15.04,15.172645399484875,-0.13264539948487553
Neural Network Regressor,116.5,141.30353010826994,-24.80353010826994
Neural Network Regressor,44.33,39.23296436077082,5.097035639229176
Neural Network Regressor,31.38,38.65535445395698,-7.275354453956982
Neural Network Regressor,15.34,20.223735106495464,-4.883735106495465
Neural Network Regressor,84.3,114.28920402363697,-29.989204023636972
Neural Network Regressor,53.52,39.098143538050856,14.421856461949147
Neural Network Regressor,80.2,66.48769185648143,13.71230814351857
Neural Network Regressor,18.03,19.36622655981007,-1.3362265598100684
Neural Network Regressor,29.55,25.938558042743466,3.6114419572565346
Neural Network Regressor,45.0,53.48637299356698,-8.486372993566981
Neural Network Regressor,82.8,90.73356950051472,-7.9335695005147215
Neural Network Regressor,146.31,115.41507398005903,30.894926019940968
Neural Network Regressor,135.8,120.33033880450971,15.469661195490303
Neural Network Regressor,15.57,23.83651401090026,-8.26651401090026
Neural Network Regressor,39.0,36.73939898996259,2.260601010037412
Neural Network Regressor,150.82,128.8970195944271,21.9229804055729
Neural Network Regressor,82.0,101.28064205172605,-19.280642051726048
Neural Network Regressor,22.35,16.921310933934457,5.4286890660655445
Neural Network Regressor,7.75,26.49375634929711,-18.74375634929711
Neural Network Regressor,30.44,24.308692674370853,6.131307325629148
Neural Network Regressor,31.18,35.96914198593889,-4.78914198593889
Neural Network Regressor,29.45,37.471286712508864,-8.021286712508864
Neural Network Regressor,68.3,55.428466052678964,12.871533947321034
Neural Network Regressor,123.2,117.47993787579487,5.720062124205128
Neural Network Regressor,75.5,71.80407113023178,3.695928869768224
Neural Network Regressor,25.18,28.968387637753196,-3.788387637753196
Neural Network Regressor,107.1,103.53683478509949,3.5631652149005077
Neural Network Regressor,32.76,28.60584414682073,4.154155853179269
Neural Network Regressor,49.19,39.63225878714355,9.557741212856449
Neural Network Regressor,20.92,18.393989395601043,2.5260106043989587
Neural Network Regressor,144.5,199.35961220535572,-54.85961220535572
Neural Network Regressor,48.15,51.24740525069861,-3.097405250698614
Neural Network Regressor,66.78,62.41632826793388,4.363671732066123
Neural Network Regressor,17.57,22.616875760598724,-5.046875760598724
Neural Network Regressor,21.6,19.59912509157374,2.000874908426262
Neural Network Regressor,57.23,57.35095678980093,-0.12095678980093538
Neural Network Regressor,56.63,57.680313000721064,-1.0503130007210615
Neural Network Regressor,32.96,33.2861806931434,-0.3261806931433995
Neural Network Regressor,65.91,48.67630858465642,17.23369141534358
Neural Network Regressor,14.5,14.753242148942212,-0.25324214894221164
Neural Network Regressor,4.57,4.808900719227438,-0.23890071922743772
Neural Network Regressor,16.5,27.36834836993965,-10.86834836993965
Neural Network Regressor,102.8,95.73241848851332,7.067581511486679
Neural Network Regressor,123.05,114.69955467452995,8.350445325470048
Neural Network Regressor,58.9,84.7185164621837,-25.8185164621837
Neural Network Regressor,112.22,108.42632831852683,3.793671681473171
Neural Network Regressor,44.3,41.80450290757723,2.4954970924227666
Neural Network Regressor,168.0,154.15361556436346,13.846384435636537
Neural Network Regressor,12.0,5.364874934611843,6.635125065388157
Neural Network Regressor,91.1,119.80317982091624,-28.703179820916247
Neural Network Regressor,34.49,33.89041250085444,0.5995874991455636
Neural Network Regressor,41.3,53.62937226383806,-12.32937226383806
Neural Network Regressor,22.9,43.153618929657114,-20.253618929657115
Neural Network Regressor,23.69,27.301670970280195,-3.611670970280194
Neural Network Regressor,56.4,65.86062681240122,-9.460626812401223
Neural Network Regressor,160.0,144.5239868280939,15.47601317190609
Neural Network Regressor,35.08,34.81906801730997,0.2609319826900318
Neural Network Regressor,25.73,21.163611301729404,4.566388698270597
Neural Network Regressor,39.05,36.17667797492198,2.873322025078018
Neural Network Regressor,155.0,139.79052811984977,15.209471880150232
Neural Network Regressor,169.0,138.51195698652754,30.488043013472463
Neural Network Regressor,62.05,45.200738533658985,16.849261466341012
Neural Network Regressor,50.85,55.22977470232606,-4.37977470232606
Neural Network Regressor,35.31,33.563793802941774,1.7462061970582283
Neural Network Regressor,35.08,34.81906801730997,0.2609319826900318
Neural Network Regressor,36.3,39.9249427109257,-3.6249427109257013
Neural Network Regressor,24.58,31.36741150187676,-6.787411501876761
Neural Network Regressor,27.22,27.38208378336843,-0.16208378336843055
Neural Network Regressor,13.62,14.471594711167503,-0.851594711167504
Neural Network Regressor,175.9,131.5761486259753,44.32385137402471
Neural Network Regressor,35.87,37.44374056333792,-1.5737405633379211
Neural Network Regressor,130.3,117.42674876111236,12.873251238887647
Neural Network Regressor,14.84,16.523666238321574,-1.6836662383215746
Neural Network Regressor,52.83,39.96627743373747,12.863722566262531
Neural Network Regressor,64.5,110.78990747133916,-46.28990747133916
Neural Network Regressor,55.26,40.66921526786579,14.59078473213421
Neural Network Regressor,32.1,32.87438399745047,-0.7743839974504709
Neural Network Regressor,21.65,25.787751630474105,-4.137751630474106
Neural Network Regressor,68.1,73.92379892469988,-5.8237989246998865
Neural Network Regressor,55.0,59.740621096869525,-4.740621096869525
Neural Network Regressor,45.08,50.58555165148422,-5.505551651484218
Neural Network Regressor,60.29,57.21087882358092,3.079121176419079
Neural Network Regressor,65.98,86.51640786202218,-20.536407862022173
Neural Network Regressor,175.9,167.10983612912747,8.790163870872533
Neural Network Regressor,76.8,73.38684850765807,3.4131514923419246
Neural Network Regressor,9.69,19.062874716683346,-9.372874716683347
Neural Network Regressor,55.28,49.44680376288708,5.833196237112922
Neural Network Regressor,197.6,188.2564037983254,9.343596201674586
Neural Network Regressor,61.11,52.39321413318123,8.716785866818768
Neural Network Regressor,10.54,20.54460183867166,-10.004601838671661
Neural Network Regressor,123.0,140.9493316037634,-17.949331603763397
Neural Network Regressor,73.3,66.41246540228381,6.887534597716183
Neural Network Regressor,50.77,38.4510883897074,12.318911610292602
Neural Network Regressor,35.75,36.20686503821997,-0.4568650382199735
Neural Network Regressor,42.7,42.60306878955206,0.0969312104479414
Neural Network Regressor,6.0,4.044232611960158,1.9557673880398418
Neural Network Regressor,43.0,39.21144107004458,3.788558929955421
Neural Network Regressor,18.29,23.10897440140603,-4.818974401406031
Neural Network Regressor,56.14,61.91283334898274,-5.772833348982736
Neural Network Regressor,42.8,42.91670466466025,-0.11670466466025431
Neural Network Regressor,36.59,39.322905889534105,-2.732905889534102
Neural Network Regressor,39.42,36.953110890919184,2.4668891090808174
Neural Network Regressor,59.59,56.56946878400537,3.0205312159946303
Neural Network Regressor,170.9,182.23545434196976,-11.33545434196975
Neural Network Regressor,25.08,26.9715463120082,-1.8915463120082023
Neural Network Regressor,33.73,27.827494518337975,5.902505481662022
Neural Network Regressor,56.14,61.91283334898274,-5.772833348982736
Neural Network Regressor,82.0,103.50578631542565,-21.505786315425652
Neural Network Regressor,97.4,95.22854471035276,2.171455289647241
Neural Network Regressor,177.0,171.9522665477762,5.0477334522238095
Neural Network Regressor,55.45,49.76694072475238,5.683059275247622
Neural Network Regressor,52.5,61.79312210925928,-9.29312210925928
Neural Network Regressor,23.79,25.241846482971674,-1.4518464829716748
Neural Network Regressor,11.65,14.594657707945634,-2.944657707945634
Neural Network Regressor,36.15,39.72885769400698,-3.5788576940069845
Neural Network Regressor,14.4,12.37156767438699,2.028432325613011
Neural Network Regressor,24.4,34.106547284895946,-9.706547284895947
Neural Network Regressor,36.44,24.497507755197475,11.942492244802523
Neural Network Regressor,44.03,50.00838590514843,-5.9783859051484285
Neural Network Regressor,60.95,60.0556810520359,0.894318947964102
Neural Network Regressor,42.13,49.37191858233859,-7.2419185823385845
Neural Network Regressor,47.71,35.15619854860487,12.553801451395131
Neural Network Regressor,39.0,37.61514013214637,1.3848598678536277
Neural Network Regressor,36.94,39.98587162306421,-3.0458716230642153
Neural Network Regressor,119.1,110.76981207810125,8.330187921898741
Neural Network Regressor,40.06,35.77596927949864,4.284030720501363
Neural Network Regressor,43.57,44.54200572737163,-0.9720057273716307
Neural Network Regressor,110.42,123.24425410563299,-12.824254105632988
Neural Network Regressor,43.57,36.1673798412913,7.4026201587087
Neural Network Regressor,22.75,37.135429243378304,-14.385429243378304
Neural Network Regressor,56.34,62.458627415155185,-6.118627415155181
Neural Network Regressor,46.64,49.72872106942085,-3.088721069420849
Neural Network Regressor,28.3,41.664539304646674,-13.364539304646673
Neural Network Regressor,66.42,63.194298337644454,3.2257016623555472
Neural Network Regressor,44.3,46.990446078674985,-2.690446078674988
Neural Network Regressor,17.58,17.46079315344233,0.11920684655766678
Neural Network Regressor,15.82,20.11460618504099,-4.2946061850409905
Neural Network Regressor,18.13,22.407851001631816,-4.2778510016318165
Neural Network Regressor,64.9,68.80988287336665,-3.909882873366641
Neural Network Regressor,45.08,44.323908019852674,0.7560919801473247
Neural Network Regressor,9.01,24.26387571399215,-15.25387571399215
Neural Network Regressor,77.01,95.35916657255088,-18.34916657255087
Neural Network Regressor,25.42,39.86085142254403,-14.440851422544029
Neural Network Regressor,120.7,117.41957587708816,3.280424122911839
Neural Network Regressor,23.84,33.84288701174065,-10.00288701174065
Neural Network Regressor,123.4,107.24867616076845,16.15132383923155
Neural Network Regressor,172.5,181.4518874448951,-8.951887444895107
Neural Network Regressor,130.3,135.58425168885043,-5.284251688850418
Neural Network Regressor,34.15,31.901080163502513,2.2489198364974854
Neural Network Regressor,21.86,31.855367084920722,-9.995367084920723
Neural Network Regressor,24.28,19.065805831258366,5.214194168741635
Neural Network Regressor,36.45,37.107997028479474,-0.6579970284794712
Neural Network Regressor,49.97,38.68567859044091,11.284321409559091
Neural Network Regressor,59.76,49.381894735279225,10.378105264720773
Neural Network Regressor,41.93,57.292802463131586,-15.362802463131587
Neural Network Regressor,161.6,160.25091041797023,1.3490895820297624
Neural Network Regressor,118.7,119.24769525380019,-0.5476952538001854
Neural Network Regressor,52.91,40.53320450809364,12.376795491906357
Neural Network Regressor,79.3,70.22320765062938,9.07679234937062
Neural Network Regressor,86.7,86.14383854020373,0.5561614597962716
Naive Bayes Strength-Range Model,37.43,14.32419117647059,23.105808823529408
Naive Bayes Strength-Range Model,52.91,14.32419117647059,38.585808823529405
Naive Bayes Strength-Range Model,6.88,14.32419117647059,-7.44419117647059
Naive Bayes Strength-Range Model,27.83,14.32419117647059,13.505808823529408
Naive Bayes Strength-Range Model,42.62,27.208823529411767,15.41117647058823
Naive Bayes Strength-Range Model,16.0,14.32419117647059,1.67580882352941
Naive Bayes Strength-Range Model,100.1,147.7072843137255,-47.6072843137255
Naive Bayes Strength-Range Model,11.36,14.32419117647059,-2.9641911764705906
Naive Bayes Strength-Range Model,39.15,14.32419117647059,24.825808823529407
Naive Bayes Strength-Range Model,14.7,14.32419117647059,0.37580882352940925
Naive Bayes Strength-Range Model,44.52,14.32419117647059,30.19580882352941
Naive Bayes Strength-Range Model,37.43,14.32419117647059,23.105808823529408
Naive Bayes Strength-Range Model,28.1,14.32419117647059,13.775808823529411
Naive Bayes Strength-Range Model,114.44,147.7072843137255,-33.2672843137255
Naive Bayes Strength-Range Model,39.49,14.32419117647059,25.16580882352941
Naive Bayes Strength-Range Model,168.0,147.7072843137255,20.292715686274505
Naive Bayes Strength-Range Model,55.32,147.7072843137255,-92.3872843137255
Naive Bayes Strength-Range Model,15.62,14.32419117647059,1.2958088235294092
Naive Bayes Strength-Range Model,139.3,147.7072843137255,-8.407284313725484
Naive Bayes Strength-Range Model,98.3,147.7072843137255,-49.4072843137255
Naive Bayes Strength-Range Model,31.42,14.32419117647059,17.09580882352941
Naive Bayes Strength-Range Model,39.45,14.32419117647059,25.12580882352941
Naive Bayes Strength-Range Model,19.99,14.32419117647059,5.665808823529408
Naive Bayes Strength-Range Model,10.73,14.32419117647059,-3.5941911764705896
Naive Bayes Strength-Range Model,40.9,76.50311274509804,-35.60311274509804
Naive Bayes Strength-Range Model,35.76,14.32419117647059,21.435808823529406
Naive Bayes Strength-Range Model,39.5,76.50311274509804,-37.003112745098036
Naive Bayes Strength-Range Model,107.6,147.7072843137255,-40.1072843137255
Naive Bayes Strength-Range Model,58.4,76.50311274509804,-18.103112745098038
Naive Bayes Strength-Range Model,29.87,14.32419117647059,15.545808823529411
Naive Bayes Strength-Range Model,28.6,14.32419117647059,14.275808823529411
Naive Bayes Strength-Range Model,120.6,147.7072843137255,-27.1072843137255
Naive Bayes Strength-Range Model,21.18,14.32419117647059,6.85580882352941
Naive Bayes Strength-Range Model,106.3,147.7072843137255,-41.4072843137255
Naive Bayes Strength-Range Model,9.13,14.32419117647059,-5.194191176470589
Naive Bayes Strength-Range Model,130.6,147.7072843137255,-17.1072843137255
Naive Bayes Strength-Range Model,44.3,37.11078624078624,7.189213759213757
Naive Bayes Strength-Range Model,62.5,14.32419117647059,48.17580882352941
Naive Bayes Strength-Range Model,53.52,14.32419117647059,39.19580882352941
Naive Bayes Strength-Range Model,7.0,14.32419117647059,-7.32419117647059
Naive Bayes Strength-Range Model,46.93,27.208823529411767,19.721176470588233
Naive Bayes Strength-Range Model,85.1,147.7072843137255,-62.6072843137255
Naive Bayes Strength-Range Model,21.3,14.32419117647059,6.975808823529411
Naive Bayes Strength-Range Model,12.84,14.32419117647059,-1.4841911764705902
Naive Bayes Strength-Range Model,10.39,14.32419117647059,-3.9341911764705895
Naive Bayes Strength-Range Model,19.77,14.32419117647059,5.4458088235294095
Naive Bayes Strength-Range Model,14.94,14.32419117647059,0.6158088235294095
Naive Bayes Strength-Range Model,25.18,14.32419117647059,10.85580882352941
Naive Bayes Strength-Range Model,23.5,14.32419117647059,9.17580882352941
Naive Bayes Strength-Range Model,166.7,147.7072843137255,18.992715686274494
Naive Bayes Strength-Range Model,62.1,147.7072843137255,-85.6072843137255
Naive Bayes Strength-Range Model,55.16,37.11078624078624,18.049213759213757
Naive Bayes Strength-Range Model,162.8,147.7072843137255,15.092715686274516
Naive Bayes Strength-Range Model,36.84,14.32419117647059,22.51580882352941
Naive Bayes Strength-Range Model,50.66,37.11078624078624,13.549213759213757
Naive Bayes Strength-Range Model,18.2,14.32419117647059,3.8758088235294093
Naive Bayes Strength-Range Model,10.0,14.32419117647059,-4.32419117647059
Naive Bayes Strength-Range Model,118.0,147.7072843137255,-29.707284313725495
Naive Bayes Strength-Range Model,25.57,14.32419117647059,11.24580882352941
Naive Bayes Strength-Range Model,38.02,14.32419117647059,23.69580882352941
Naive Bayes Strength-Range Model,12.18,14.32419117647059,-2.1441911764705903
Naive Bayes Strength-Range Model,18.0,14.32419117647059,3.67580882352941
Naive Bayes Strength-Range Model,21.95,14.32419117647059,7.625808823529409
Naive Bayes Strength-Range Model,44.7,37.11078624078624,7.589213759213763
Naive Bayes Strength-Range Model,220.2,147.7072843137255,72.4927156862745
Naive Bayes Strength-Range Model,28.0,14.32419117647059,13.67580882352941
Naive Bayes Strength-Range Model,25.45,14.32419117647059,11.12580882352941
Naive Bayes Strength-Range Model,50.08,14.32419117647059,35.75580882352941
Naive Bayes Strength-Range Model,15.09,14.32419117647059,0.7658088235294098
Naive Bayes Strength-Range Model,33.12,14.32419117647059,18.795808823529406
Naive Bayes Strength-Range Model,9.85,14.32419117647059,-4.47419117647059
Naive Bayes Strength-Range Model,178.1,147.7072843137255,30.3927156862745
Naive Bayes Strength-Range Model,41.68,14.32419117647059,27.355808823529408
Naive Bayes Strength-Range Model,50.95,27.208823529411767,23.741176470588236
Naive Bayes Strength-Range Model,52.44,14.32419117647059,38.115808823529406
Naive Bayes Strength-Range Model,31.42,14.32419117647059,17.09580882352941
Naive Bayes Strength-Range Model,12.55,14.32419117647059,-1.7741911764705893
Naive Bayes Strength-Range Model,44.21,27.208823529411767,17.001176470588234
Naive Bayes Strength-Range Model,60.2,14.32419117647059,45.87580882352941
Naive Bayes Strength-Range Model,31.97,14.32419117647059,17.645808823529407
Naive Bayes Strength-Range Model,40.86,14.32419117647059,26.535808823529408
Naive Bayes Strength-Range Model,46.64,14.32419117647059,32.31580882352941
Naive Bayes Strength-Range Model,53.46,14.32419117647059,39.13580882352941
Naive Bayes Strength-Range Model,37.36,14.32419117647059,23.035808823529408
Naive Bayes Strength-Range Model,26.31,14.32419117647059,11.985808823529409
Naive Bayes Strength-Range Model,138.3,147.7072843137255,-9.407284313725484
Naive Bayes Strength-Range Model,68.0,14.32419117647059,53.67580882352941
Naive Bayes Strength-Range Model,159.1,147.7072843137255,11.3927156862745
Naive Bayes Strength-Range Model,41.1,14.32419117647059,26.77580882352941
Naive Bayes Strength-Range Model,71.99,14.32419117647059,57.6658088235294
Naive Bayes Strength-Range Model,55.55,14.32419117647059,41.225808823529405
Naive Bayes Strength-Range Model,19.11,14.32419117647059,4.785808823529409
Naive Bayes Strength-Range Model,177.2,147.7072843137255,29.492715686274494
Naive Bayes Strength-Range Model,144.7,147.7072843137255,-3.0072843137255063
Naive Bayes Strength-Range Model,36.8,14.32419117647059,22.475808823529405
Naive Bayes Strength-Range Model,35.85,14.32419117647059,21.52580882352941
Naive Bayes Strength-Range Model,66.43,37.11078624078624,29.319213759213767
Naive Bayes Strength-Range Model,43.0,14.32419117647059,28.675808823529408
Naive Bayes Strength-Range Model,24.29,14.32419117647059,9.965808823529409
Naive Bayes Strength-Range Model,67.57,14.32419117647059,53.2458088235294
Naive Bayes Strength-Range Model,41.54,14.32419117647059,27.215808823529407
Naive Bayes Strength-Range Model,71.62,37.11078624078624,34.509213759213765
Naive Bayes Strength-Range Model,79.99,14.32419117647059,65.6658088235294
Naive Bayes Strength-Range Model,192.2,147.7072843137255,44.492715686274494
Naive Bayes Strength-Range Model,29.41,14.32419117647059,15.08580882352941
Naive Bayes Strength-Range Model,20.42,14.32419117647059,6.095808823529412
Naive Bayes Strength-Range Model,122.9,147.7072843137255,-24.80728431372549
Naive Bayes Strength-Range Model,111.0,147.7072843137255,-36.707284313725495
Naive Bayes Strength-Range Model,27.63,27.208823529411767,0.4211764705882324
Naive Bayes Strength-Range Model,38.27,37.11078624078624,1.1592137592137632
Naive Bayes Strength-Range Model,19.52,14.32419117647059,5.1958088235294095
Naive Bayes Strength-Range Model,32.63,14.32419117647059,18.30580882352941
Naive Bayes Strength-Range Model,49.71,14.32419117647059,35.38580882352941
Naive Bayes Strength-Range Model,116.2,147.7072843137255,-31.507284313725492
Naive Bayes Strength-Range Model,156.1,147.7072843137255,8.3927156862745
Naive Bayes Strength-Range Model,39.94,14.32419117647059,25.615808823529406
Naive Bayes Strength-Range Model,103.5,147.7072843137255,-44.207284313725495
Naive Bayes Strength-Range Model,75.8,147.7072843137255,-71.9072843137255
Naive Bayes Strength-Range Model,35.23,14.32419117647059,20.905808823529405
Naive Bayes Strength-Range Model,123.66,147.7072843137255,-24.0472843137255
Naive Bayes Strength-Range Model,153.9,147.7072843137255,6.192715686274511
Naive Bayes Strength-Range Model,53.77,14.32419117647059,39.44580882352941
Naive Bayes Strength-Range Model,26.86,14.32419117647059,12.53580882352941
Naive Bayes Strength-Range Model,34.9,14.32419117647059,20.575808823529407
Naive Bayes Strength-Range Model,103.0,147.7072843137255,-44.707284313725495
Naive Bayes Strength-Range Model,61.14,14.32419117647059,46.81580882352941
Naive Bayes Strength-Range Model,21.29,14.32419117647059,6.965808823529409
Naive Bayes Strength-Range Model,108.3,147.7072843137255,-39.4072843137255
Naive Bayes Strength-Range Model,52.53,14.32419117647059,38.20580882352941
Naive Bayes Strength-Range Model,33.69,14.32419117647059,19.365808823529406
Naive Bayes Strength-Range Model,117.5,147.7072843137255,-30.207284313725495
Naive Bayes Strength-Range Model,49.2,14.32419117647059,34.87580882352941
Naive Bayes Strength-Range Model,38.0,14.32419117647059,23.675808823529408
Naive Bayes Strength-Range Model,29.22,14.32419117647059,14.895808823529409
Naive Bayes Strength-Range Model,31.02,14.32419117647059,16.69580882352941
Naive Bayes Strength-Range Model,15.87,14.32419117647059,1.5458088235294092
Naive Bayes Strength-Range Model,130.2,147.7072843137255,-17.507284313725506
Naive Bayes Strength-Range Model,96.3,147.7072843137255,-51.4072843137255
Naive Bayes Strength-Range Model,57.23,14.32419117647059,42.905808823529405
Naive Bayes Strength-Range Model,55.26,37.11078624078624,18.149213759213758
Naive Bayes Strength-Range Model,18.91,14.32419117647059,4.58580882352941
Naive Bayes Strength-Range Model,9.45,14.32419117647059,-4.874191176470591
Naive Bayes Strength-Range Model,50.53,14.32419117647059,36.20580882352941
Naive Bayes Strength-Range Model,29.93,14.32419117647059,15.60580882352941
Naive Bayes Strength-Range Model,124.94,147.7072843137255,-22.767284313725497
Naive Bayes Strength-Range Model,14.54,14.32419117647059,0.2158088235294091
Naive Bayes Strength-Range Model,49.3,76.50311274509804,-27.20311274509804
Naive Bayes Strength-Range Model,28.99,14.32419117647059,14.665808823529408
Naive Bayes Strength-Range Model,9.99,14.32419117647059,-4.33419117647059
Naive Bayes Strength-Range Model,9.56,14.32419117647059,-4.7641911764705895
Naive Bayes Strength-Range Model,13.4,14.32419117647059,-0.9241911764705897
Naive Bayes Strength-Range Model,26.85,14.32419117647059,12.525808823529411
Naive Bayes Strength-Range Model,124.1,147.7072843137255,-23.6072843137255
Naive Bayes Strength-Range Model,161.9,147.7072843137255,14.19271568627451
Naive Bayes Strength-Range Model,28.63,14.32419117647059,14.305808823529409
Naive Bayes Strength-Range Model,36.94,14.32419117647059,22.615808823529406
Naive Bayes Strength-Range Model,46.23,14.32419117647059,31.905808823529405
Naive Bayes Strength-Range Model,43.7,37.11078624078624,6.589213759213763
Naive Bayes Strength-Range Model,17.54,14.32419117647059,3.215808823529409
Naive Bayes Strength-Range Model,44.21,14.32419117647059,29.88580882352941
Naive Bayes Strength-Range Model,43.89,14.32419117647059,29.56580882352941
Naive Bayes Strength-Range Model,160.6,147.7072843137255,12.8927156862745
Naive Bayes Strength-Range Model,31.35,14.32419117647059,17.02580882352941
Naive Bayes Strength-Range Model,36.97,14.32419117647059,22.645808823529407
Naive Bayes Strength-Range Model,32.4,14.32419117647059,18.075808823529407
Naive Bayes Strength-Range Model,24.29,14.32419117647059,9.965808823529409
Naive Bayes Strength-Range Model,92.8,147.7072843137255,-54.9072843137255
Naive Bayes Strength-Range Model,179.0,147.7072843137255,31.292715686274505
Naive Bayes Strength-Range Model,29.23,14.32419117647059,14.90580882352941
Naive Bayes Strength-Range Model,16.28,14.32419117647059,1.955808823529411
Naive Bayes Strength-Range Model,122.93,147.7072843137255,-24.777284313725488
Naive Bayes Strength-Range Model,130.6,147.7072843137255,-17.1072843137255
Naive Bayes Strength-Range Model,83.6,147.7072843137255,-64.1072843137255
Naive Bayes Strength-Range Model,77.8,147.7072843137255,-69.9072843137255
Naive Bayes Strength-Range Model,33.19,14.32419117647059,18.865808823529406
Naive Bayes Strength-Range Model,26.91,14.32419117647059,12.58580882352941
Naive Bayes Strength-Range Model,33.04,14.32419117647059,18.715808823529407
Naive Bayes Strength-Range Model,147.7,147.7072843137255,-0.007284313725506308
Naive Bayes Strength-Range Model,20.0,14.32419117647059,5.67580882352941
Naive Bayes Strength-Range Model,36.15,37.11078624078624,-0.9607862407862413
Naive Bayes Strength-Range Model,21.48,14.32419117647059,7.15580882352941
Naive Bayes Strength-Range Model,40.86,14.32419117647059,26.535808823529408
Naive Bayes Strength-Range Model,12.84,14.32419117647059,-1.4841911764705902
Naive Bayes Strength-Range Model,96.5,147.7072843137255,-51.207284313725495
Naive Bayes Strength-Range Model,170.5,147.7072843137255,22.792715686274505
Naive Bayes Strength-Range Model,167.7,147.7072843137255,19.992715686274494
Naive Bayes Strength-Range Model,125.0,147.7072843137255,-22.707284313725495
Naive Bayes Strength-Range Model,14.14,14.32419117647059,-0.18419117647058947
Naive Bayes Strength-Range Model,11.58,14.32419117647059,-2.74419117647059
Naive Bayes Strength-Range Model,115.5,147.7072843137255,-32.207284313725495
Naive Bayes Strength-Range Model,51.06,14.32419117647059,36.73580882352941
Naive Bayes Strength-Range Model,65.91,14.32419117647059,51.585808823529405
Naive Bayes Strength-Range Model,41.37,14.32419117647059,27.045808823529406
Naive Bayes Strength-Range Model,193.5,147.7072843137255,45.792715686274505
Naive Bayes Strength-Range Model,40.68,14.32419117647059,26.355808823529408
Naive Bayes Strength-Range Model,26.14,14.32419117647059,11.81580882352941
Naive Bayes Strength-Range Model,119.7,147.7072843137255,-28.007284313725492
Naive Bayes Strength-Range Model,20.59,14.32419117647059,6.26580882352941
Naive Bayes Strength-Range Model,170.0,147.7072843137255,22.292715686274505
Naive Bayes Strength-Range Model,15.44,14.32419117647059,1.1158088235294095
Naive Bayes Strength-Range Model,25.69,14.32419117647059,11.365808823529411
Naive Bayes Strength-Range Model,30.45,14.32419117647059,16.12580882352941
Naive Bayes Strength-Range Model,109.2,147.7072843137255,-38.50728431372549
Naive Bayes Strength-Range Model,67.7,14.32419117647059,53.37580882352941
Naive Bayes Strength-Range Model,32.11,14.32419117647059,17.785808823529408
Naive Bayes Strength-Range Model,70.3,147.7072843137255,-77.4072843137255
Naive Bayes Strength-Range Model,77.9,147.7072843137255,-69.80728431372549
Naive Bayes Strength-Range Model,31.84,14.32419117647059,17.51580882352941
Naive Bayes Strength-Range Model,34.77,14.32419117647059,20.44580882352941
Naive Bayes Strength-Range Model,53.1,147.7072843137255,-94.6072843137255
Naive Bayes Strength-Range Model,42.95,37.11078624078624,5.839213759213763
Naive Bayes Strength-Range Model,202.2,147.7072843137255,54.492715686274494
Naive Bayes Strength-Range Model,49.77,14.32419117647059,35.44580882352941
Naive Bayes Strength-Range Model,37.27,14.32419117647059,22.94580882352941
Naive Bayes Strength-Range Model,93.8,147.7072843137255,-53.9072843137255
Naive Bayes Strength-Range Model,31.03,14.32419117647059,16.70580882352941
Naive Bayes Strength-Range Model,157.2,147.7072843137255,9.492715686274494
Naive Bayes Strength-Range Model,27.23,14.32419117647059,12.90580882352941
Naive Bayes Strength-Range Model,53.08,147.7072843137255,-94.6272843137255
Naive Bayes Strength-Range Model,30.12,14.32419117647059,15.795808823529411
Naive Bayes Strength-Range Model,139.2,147.7072843137255,-8.507284313725506
Naive Bayes Strength-Range Model,39.64,14.32419117647059,25.31580882352941
Naive Bayes Strength-Range Model,78.0,147.7072843137255,-69.7072843137255
Naive Bayes Strength-Range Model,36.1,147.7072843137255,-111.6072843137255
Naive Bayes Strength-Range Model,16.26,14.32419117647059,1.9358088235294115
Naive Bayes Strength-Range Model,54.32,14.32419117647059,39.99580882352941
Naive Bayes Strength-Range Model,45.85,14.32419117647059,31.52580882352941
Naive Bayes Strength-Range Model,154.4,147.7072843137255,6.692715686274511
Naive Bayes Strength-Range Model,50.46,14.32419117647059,36.13580882352941
Naive Bayes Strength-Range Model,46.39,14.32419117647059,32.06580882352941
Naive Bayes Strength-Range Model,53.0,147.7072843137255,-94.7072843137255
Naive Bayes Strength-Range Model,37.0,37.11078624078624,-0.11078624078623989
Naive Bayes Strength-Range Model,53.96,14.32419117647059,39.63580882352941
Naive Bayes Strength-Range Model,39.42,14.32419117647059,25.09580882352941
Naive Bayes Strength-Range Model,68.75,14.32419117647059,54.42580882352941
Naive Bayes Strength-Range Model,146.5,147.7072843137255,-1.207284313725495
Naive Bayes Strength-Range Model,31.27,14.32419117647059,16.94580882352941
Naive Bayes Strength-Range Model,11.17,14.32419117647059,-3.15419117647059
Naive Bayes Strength-Range Model,133.3,147.7072843137255,-14.407284313725484
Naive Bayes Strength-Range Model,72.3,14.32419117647059,57.975808823529405
Naive Bayes Strength-Range Model,27.68,14.32419117647059,13.35580882352941
Naive Bayes Strength-Range Model,130.7,147.7072843137255,-17.007284313725506
Naive Bayes Strength-Range Model,55.0,14.32419117647059,40.67580882352941
Naive Bayes Strength-Range Model,20.73,14.32419117647059,6.40580882352941
Naive Bayes Strength-Range Model,143.0,147.7072843137255,-4.707284313725495
Naive Bayes Strength-Range Model,111.5,147.7072843137255,-36.207284313725495
Naive Bayes Strength-Range Model,43.0,37.11078624078624,5.88921375921376
Naive Bayes Strength-Range Model,68.9,147.7072843137255,-78.80728431372549
Naive Bayes Strength-Range Model,23.52,14.32419117647059,9.19580882352941
Naive Bayes Strength-Range Model,61.86,14.32419117647059,47.53580882352941
Naive Bayes Strength-Range Model,22.72,14.32419117647059,8.395808823529409
Naive Bayes Strength-Range Model,125.56,147.7072843137255,-22.147284313725493
Naive Bayes Strength-Range Model,11.98,14.32419117647059,-2.3441911764705896
Naive Bayes Strength-Range Model,103.18,147.7072843137255,-44.52728431372549
Naive Bayes Strength-Range Model,71.9,76.50311274509804,-4.603112745098031
Naive Bayes Strength-Range Model,39.23,14.32419117647059,24.905808823529405
Naive Bayes Strength-Range Model,12.73,14.32419117647059,-1.5941911764705896
Naive Bayes Strength-Range Model,37.68,14.32419117647059,23.355808823529408
Naive Bayes Strength-Range Model,71.7,14.32419117647059,57.37580882352941
Naive Bayes Strength-Range Model,24.28,14.32419117647059,9.955808823529411
Naive Bayes Strength-Range Model,60.29,14.32419117647059,45.96580882352941
Naive Bayes Strength-Range Model,56.4,14.32419117647059,42.07580882352941
Naive Bayes Strength-Range Model,38.0,14.32419117647059,23.675808823529408
Naive Bayes Strength-Range Model,31.97,14.32419117647059,17.645808823529407
Naive Bayes Strength-Range Model,100.2,147.7072843137255,-47.50728431372549
Naive Bayes Strength-Range Model,62.9,76.50311274509804,-13.603112745098038
Naive Bayes Strength-Range Model,38.46,14.32419117647059,24.13580882352941
Naive Bayes Strength-Range Model,147.3,147.7072843137255,-0.40728431372548357
Naive Bayes Strength-Range Model,79.3,14.32419117647059,64.9758088235294
Naive Bayes Strength-Range Model,29.59,27.208823529411767,2.3811764705882332
Naive Bayes Strength-Range Model,56.62,14.32419117647059,42.295808823529406
Naive Bayes Strength-Range Model,24.85,14.32419117647059,10.525808823529411
Naive Bayes Strength-Range Model,19.93,14.32419117647059,5.60580882352941
Naive Bayes Strength-Range Model,108.6,147.7072843137255,-39.1072843137255
Naive Bayes Strength-Range Model,74.17,37.11078624078624,37.05921375921376
Naive Bayes Strength-Range Model,19.74,14.32419117647059,5.415808823529408
Naive Bayes Strength-Range Model,165.0,147.7072843137255,17.292715686274505
Naive Bayes Strength-Range Model,94.5,147.7072843137255,-53.207284313725495
Naive Bayes Strength-Range Model,33.3,14.32419117647059,18.975808823529405
Naive Bayes Strength-Range Model,17.82,14.32419117647059,3.4958088235294102
Naive Bayes Strength-Range Model,26.74,27.208823529411767,-0.4688235294117682
Naive Bayes Strength-Range Model,44.14,14.32419117647059,29.81580882352941
Naive Bayes Strength-Range Model,133.0,147.7072843137255,-14.707284313725495
Naive Bayes Strength-Range Model,126.0,147.7072843137255,-21.707284313725495
Naive Bayes Strength-Range Model,54.28,14.32419117647059,39.95580882352941
Naive Bayes Strength-Range Model,173.2,147.7072843137255,25.492715686274494
Naive Bayes Strength-Range Model,105.37,147.7072843137255,-42.33728431372549
Naive Bayes Strength-Range Model,108.3,147.7072843137255,-39.4072843137255
Naive Bayes Strength-Range Model,15.75,14.32419117647059,1.42580882352941
Naive Bayes Strength-Range Model,24.07,14.32419117647059,9.74580882352941
Naive Bayes Strength-Range Model,55.9,14.32419117647059,41.57580882352941
Naive Bayes Strength-Range Model,51.02,14.32419117647059,36.69580882352941
Naive Bayes Strength-Range Model,139.0,147.7072843137255,-8.707284313725495
Naive Bayes Strength-Range Model,153.3,147.7072843137255,5.592715686274516
Naive Bayes Strength-Range Model,43.73,14.32419117647059,29.405808823529405
Naive Bayes Strength-Range Model,8.0,14.32419117647059,-6.32419117647059
Naive Bayes Strength-Range Model,82.09,147.7072843137255,-65.61728431372549
Naive Bayes Strength-Range Model,45.0,14.32419117647059,30.675808823529408
Naive Bayes Strength-Range Model,35.17,14.32419117647059,20.84580882352941
Naive Bayes Strength-Range Model,45.9,14.32419117647059,31.575808823529407
Naive Bayes Strength-Range Model,37.91,14.32419117647059,23.585808823529405
Naive Bayes Strength-Range Model,31.87,14.32419117647059,17.545808823529413
Naive Bayes Strength-Range Model,71.3,14.32419117647059,56.975808823529405
Naive Bayes Strength-Range Model,25.48,14.32419117647059,11.15580882352941
Naive Bayes Strength-Range Model,39.42,14.32419117647059,25.09580882352941
Naive Bayes Strength-Range Model,113.9,147.7072843137255,-33.80728431372549
Naive Bayes Strength-Range Model,57.9,147.7072843137255,-89.80728431372549
Naive Bayes Strength-Range Model,44.4,14.32419117647059,30.075808823529407
Naive Bayes Strength-Range Model,36.35,14.32419117647059,22.02580882352941
Naive Bayes Strength-Range Model,11.39,14.32419117647059,-2.9341911764705895
Naive Bayes Strength-Range Model,37.17,14.32419117647059,22.84580882352941
Naive Bayes Strength-Range Model,16.0,14.32419117647059,1.67580882352941
Naive Bayes Strength-Range Model,21.5,14.32419117647059,7.17580882352941
Naive Bayes Strength-Range Model,29.59,27.208823529411767,2.3811764705882332
Naive Bayes Strength-Range Model,79.69,147.7072843137255,-68.0172843137255
Naive Bayes Strength-Range Model,77.3,14.32419117647059,62.975808823529405
Naive Bayes Strength-Range Model,99.33,147.7072843137255,-48.3772843137255
Naive Bayes Strength-Range Model,33.0,14.32419117647059,18.675808823529408
Naive Bayes Strength-Range Model,37.36,14.32419117647059,23.035808823529408
Naive Bayes Strength-Range Model,33.76,14.32419117647059,19.435808823529406
Naive Bayes Strength-Range Model,127.4,147.7072843137255,-20.30728431372549
Naive Bayes Strength-Range Model,42.64,14.32419117647059,28.31580882352941
Naive Bayes Strength-Range Model,46.08,14.32419117647059,31.755808823529406
Naive Bayes Strength-Range Model,18.2,14.32419117647059,3.8758088235294093
Naive Bayes Strength-Range Model,8.06,14.32419117647059,-6.2641911764705895
Naive Bayes Strength-Range Model,10.54,14.32419117647059,-3.784191176470591
Naive Bayes Strength-Range Model,15.07,14.32419117647059,0.7458088235294102
Naive Bayes Strength-Range Model,64.4,76.50311274509804,-12.10311274509803
Naive Bayes Strength-Range Model,48.32,14.32419117647059,33.99580882352941
Naive Bayes Strength-Range Model,17.84,14.32419117647059,3.51580882352941
Naive Bayes Strength-Range Model,29.98,14.32419117647059,15.65580882352941
Naive Bayes Strength-Range Model,12.18,14.32419117647059,-2.1441911764705903
Naive Bayes Strength-Range Model,160.1,147.7072843137255,12.3927156862745
Naive Bayes Strength-Range Model,31.81,14.32419117647059,17.48580882352941
Naive Bayes Strength-Range Model,108.73,147.7072843137255,-38.97728431372549
Naive Bayes Strength-Range Model,23.08,14.32419117647059,8.755808823529408
Naive Bayes Strength-Range Model,21.29,14.32419117647059,6.965808823529409
Naive Bayes Strength-Range Model,73.3,14.32419117647059,58.975808823529405
Naive Bayes Strength-Range Model,51.3,76.50311274509804,-25.20311274509804
Naive Bayes Strength-Range Model,14.6,14.32419117647059,0.2758088235294096
Naive Bayes Strength-Range Model,15.57,14.32419117647059,1.2458088235294102
Naive Bayes Strength-Range Model,77.3,14.32419117647059,62.975808823529405
Naive Bayes Strength-Range Model,21.59,14.32419117647059,7.26580882352941
Naive Bayes Strength-Range Model,30.23,14.32419117647059,15.90580882352941
Naive Bayes Strength-Range Model,39.42,14.32419117647059,25.09580882352941
Naive Bayes Strength-Range Model,40.87,14.32419117647059,26.545808823529406
Naive Bayes Strength-Range Model,52.2,14.32419117647059,37.87580882352941
Naive Bayes Strength-Range Model,69.66,14.32419117647059,55.335808823529405
Naive Bayes Strength-Range Model,54.6,14.32419117647059,40.27580882352941
Naive Bayes Strength-Range Model,53.1,147.7072843137255,-94.6072843137255
Naive Bayes Strength-Range Model,21.83,14.32419117647059,7.505808823529408
Naive Bayes Strength-Range Model,148.6,147.7072843137255,0.8927156862744994
Naive Bayes Strength-Range Model,71.3,14.32419117647059,56.975808823529405
Naive Bayes Strength-Range Model,129.79,147.7072843137255,-17.917284313725503
Naive Bayes Strength-Range Model,53.52,76.50311274509804,-22.983112745098033
Naive Bayes Strength-Range Model,111.0,147.7072843137255,-36.707284313725495
Naive Bayes Strength-Range Model,47.1,14.32419117647059,32.77580882352941
Naive Bayes Strength-Range Model,71.3,14.32419117647059,56.975808823529405
Naive Bayes Strength-Range Model,2.33,14.32419117647059,-11.99419117647059
Naive Bayes Strength-Range Model,33.54,14.32419117647059,19.215808823529407
Naive Bayes Strength-Range Model,76.0,147.7072843137255,-71.7072843137255
Naive Bayes Strength-Range Model,36.99,14.32419117647059,22.66580882352941
Naive Bayes Strength-Range Model,36.35,14.32419117647059,22.02580882352941
Naive Bayes Strength-Range Model,149.7,147.7072843137255,1.9927156862744937
Naive Bayes Strength-Range Model,44.87,14.32419117647059,30.545808823529406
Naive Bayes Strength-Range Model,42.14,14.32419117647059,27.81580882352941
Naive Bayes Strength-Range Model,31.97,14.32419117647059,17.645808823529407
Naive Bayes Strength-Range Model,35.36,14.32419117647059,21.035808823529408
Naive Bayes Strength-Range Model,48.28,14.32419117647059,33.95580882352941
Naive Bayes Strength-Range Model,21.91,14.32419117647059,7.58580882352941
Naive Bayes Strength-Range Model,204.4,147.7072843137255,56.69271568627451
Naive Bayes Strength-Range Model,40.0,14.32419117647059,25.675808823529408
Naive Bayes Strength-Range Model,13.46,14.32419117647059,-0.8641911764705892
Naive Bayes Strength-Range Model,82.6,14.32419117647059,68.2758088235294
Naive Bayes Strength-Range Model,197.9,147.7072843137255,50.19271568627451
Naive Bayes Strength-Range Model,50.66,37.11078624078624,13.549213759213757
Naive Bayes Strength-Range Model,136.34,147.7072843137255,-11.367284313725492
Naive Bayes Strength-Range Model,39.16,14.32419117647059,24.835808823529405
Naive Bayes Strength-Range Model,59.0,147.7072843137255,-88.7072843137255
Naive Bayes Strength-Range Model,68.49,147.7072843137255,-79.2172843137255
Naive Bayes Strength-Range Model,40.15,14.32419117647059,25.825808823529407
Naive Bayes Strength-Range Model,37.72,14.32419117647059,23.395808823529407
Naive Bayes Strength-Range Model,39.61,14.32419117647059,25.285808823529408
Naive Bayes Strength-Range Model,28.63,14.32419117647059,14.305808823529409
Naive Bayes Strength-Range Model,37.4,14.32419117647059,23.075808823529407
Naive Bayes Strength-Range Model,35.85,14.32419117647059,21.52580882352941
Naive Bayes Strength-Range Model,195.2,147.7072843137255,47.492715686274494
Naive Bayes Strength-Range Model,150.0,147.7072843137255,2.292715686274505
Naive Bayes Strength-Range Model,35.76,14.32419117647059,21.435808823529406
Naive Bayes Strength-Range Model,39.1,76.50311274509804,-37.403112745098035
Naive Bayes Strength-Range Model,33.01,14.32419117647059,18.685808823529406
Naive Bayes Strength-Range Model,25.46,14.32419117647059,11.13580882352941
Naive Bayes Strength-Range Model,74.5,14.32419117647059,60.17580882352941
Naive Bayes Strength-Range Model,15.36,14.32419117647059,1.0358088235294094
Naive Bayes Strength-Range Model,57.2,76.50311274509804,-19.303112745098034
Naive Bayes Strength-Range Model,151.8,147.7072843137255,4.092715686274516
Naive Bayes Strength-Range Model,51.04,14.32419117647059,36.71580882352941
Naive Bayes Strength-Range Model,128.8,147.7072843137255,-18.907284313725484
Naive Bayes Strength-Range Model,116.31,147.7072843137255,-31.397284313725493
Naive Bayes Strength-Range Model,22.75,14.32419117647059,8.42580882352941
Naive Bayes Strength-Range Model,48.4,14.32419117647059,34.07580882352941
Naive Bayes Strength-Range Model,69.0,147.7072843137255,-78.7072843137255
Naive Bayes Strength-Range Model,49.99,14.32419117647059,35.66580882352941
Naive Bayes Strength-Range Model,46.93,27.208823529411767,19.721176470588233
Naive Bayes Strength-Range Model,114.9,147.7072843137255,-32.80728431372549
Naive Bayes Strength-Range Model,32.11,14.32419117647059,17.785808823529408
Naive Bayes Strength-Range Model,124.7,147.7072843137255,-23.007284313725492
Naive Bayes Strength-Range Model,27.68,14.32419117647059,13.35580882352941
Naive Bayes Strength-Range Model,37.33,27.208823529411767,10.121176470588232
Naive Bayes Strength-Range Model,52.83,14.32419117647059,38.50580882352941
Naive Bayes Strength-Range Model,125.1,147.7072843137255,-22.6072843137255
Naive Bayes Strength-Range Model,122.93,147.7072843137255,-24.777284313725488
Naive Bayes Strength-Range Model,50.53,14.32419117647059,36.20580882352941
Naive Bayes Strength-Range Model,74.5,14.32419117647059,60.17580882352941
Naive Bayes Strength-Range Model,24.0,14.32419117647059,9.67580882352941
Naive Bayes Strength-Range Model,63.14,14.32419117647059,48.81580882352941
Naive Bayes Strength-Range Model,56.83,14.32419117647059,42.50580882352941
Naive Bayes Strength-Range Model,92.48,147.7072843137255,-55.22728431372549
Naive Bayes Strength-Range Model,51.96,14.32419117647059,37.63580882352941
Naive Bayes Strength-Range Model,65.35,147.7072843137255,-82.3572843137255
Naive Bayes Strength-Range Model,38.22,14.32419117647059,23.895808823529407
Naive Bayes Strength-Range Model,52.3,14.32419117647059,37.975808823529405
Naive Bayes Strength-Range Model,184.4,147.7072843137255,36.69271568627451
Naive Bayes Strength-Range Model,66.78,14.32419117647059,52.45580882352941
Naive Bayes Strength-Range Model,14.7,14.32419117647059,0.37580882352940925
Naive Bayes Strength-Range Model,38.21,14.32419117647059,23.88580882352941
Naive Bayes Strength-Range Model,178.0,147.7072843137255,30.292715686274505
Naive Bayes Strength-Range Model,51.73,37.11078624078624,14.619213759213757
Naive Bayes Strength-Range Model,24.24,14.32419117647059,9.915808823529408
Naive Bayes Strength-Range Model,4.83,14.32419117647059,-9.49419117647059
Naive Bayes Strength-Range Model,45.37,14.32419117647059,31.045808823529406
Naive Bayes Strength-Range Model,47.71,14.32419117647059,33.38580882352941
Naive Bayes Strength-Range Model,175.8,147.7072843137255,28.092715686274516
Naive Bayes Strength-Range Model,20.0,14.32419117647059,5.67580882352941
Naive Bayes Strength-Range Model,67.61,147.7072843137255,-80.0972843137255
Naive Bayes Strength-Range Model,25.18,14.32419117647059,10.85580882352941
Naive Bayes Strength-Range Model,41.05,14.32419117647059,26.725808823529405
Naive Bayes Strength-Range Model,37.17,14.32419117647059,22.84580882352941
Naive Bayes Strength-Range Model,74.7,14.32419117647059,60.37580882352941
Naive Bayes Strength-Range Model,13.29,14.32419117647059,-1.034191176470591
Naive Bayes Strength-Range Model,52.82,14.32419117647059,38.49580882352941
Naive Bayes Strength-Range Model,41.54,14.32419117647059,27.215808823529407
Naive Bayes Strength-Range Model,17.54,14.32419117647059,3.215808823529409
Naive Bayes Strength-Range Model,33.4,14.32419117647059,19.075808823529407
Naive Bayes Strength-Range Model,9.45,14.32419117647059,-4.874191176470591
Naive Bayes Strength-Range Model,29.79,37.11078624078624,-7.320786240786241
Naive Bayes Strength-Range Model,27.53,14.32419117647059,13.205808823529411
Naive Bayes Strength-Range Model,40.06,14.32419117647059,25.73580882352941
Naive Bayes Strength-Range Model,29.23,14.32419117647059,14.90580882352941
Naive Bayes Strength-Range Model,39.7,14.32419117647059,25.37580882352941
Naive Bayes Strength-Range Model,15.52,14.32419117647059,1.1958088235294095
Naive Bayes Strength-Range Model,15.04,14.32419117647059,0.7158088235294091
Naive Bayes Strength-Range Model,116.5,147.7072843137255,-31.207284313725495
Naive Bayes Strength-Range Model,44.33,14.32419117647059,30.005808823529406
Naive Bayes Strength-Range Model,31.38,14.32419117647059,17.05580882352941
Naive Bayes Strength-Range Model,15.34,14.32419117647059,1.0158088235294098
Naive Bayes Strength-Range Model,84.3,147.7072843137255,-63.4072843137255
Naive Bayes Strength-Range Model,53.52,14.32419117647059,39.19580882352941
Naive Bayes Strength-Range Model,80.2,14.32419117647059,65.87580882352941
Naive Bayes Strength-Range Model,18.03,14.32419117647059,3.705808823529411
Naive Bayes Strength-Range Model,29.55,14.32419117647059,15.22580882352941
Naive Bayes Strength-Range Model,45.0,14.32419117647059,30.675808823529408
Naive Bayes Strength-Range Model,82.8,147.7072843137255,-64.9072843137255
Naive Bayes Strength-Range Model,146.31,147.7072843137255,-1.3972843137254927
Naive Bayes Strength-Range Model,135.8,147.7072843137255,-11.907284313725484
Naive Bayes Strength-Range Model,15.57,14.32419117647059,1.2458088235294102
Naive Bayes Strength-Range Model,39.0,14.32419117647059,24.675808823529408
Naive Bayes Strength-Range Model,150.82,147.7072843137255,3.1127156862744982
Naive Bayes Strength-Range Model,82.0,147.7072843137255,-65.7072843137255
Naive Bayes Strength-Range Model,22.35,14.32419117647059,8.025808823529411
Naive Bayes Strength-Range Model,7.75,14.32419117647059,-6.57419117647059
Naive Bayes Strength-Range Model,30.44,14.32419117647059,16.115808823529413
Naive Bayes Strength-Range Model,31.18,14.32419117647059,16.855808823529408
Naive Bayes Strength-Range Model,29.45,14.32419117647059,15.12580882352941
Naive Bayes Strength-Range Model,68.3,14.32419117647059,53.975808823529405
Naive Bayes Strength-Range Model,123.2,147.7072843137255,-24.507284313725492
Naive Bayes Strength-Range Model,75.5,14.32419117647059,61.17580882352941
Naive Bayes Strength-Range Model,25.18,14.32419117647059,10.85580882352941
Naive Bayes Strength-Range Model,107.1,147.7072843137255,-40.6072843137255
Naive Bayes Strength-Range Model,32.76,14.32419117647059,18.435808823529406
Naive Bayes Strength-Range Model,49.19,14.32419117647059,34.865808823529406
Naive Bayes Strength-Range Model,20.92,14.32419117647059,6.595808823529412
Naive Bayes Strength-Range Model,144.5,147.7072843137255,-3.207284313725495
Naive Bayes Strength-Range Model,48.15,14.32419117647059,33.82580882352941
Naive Bayes Strength-Range Model,66.78,14.32419117647059,52.45580882352941
Naive Bayes Strength-Range Model,17.57,14.32419117647059,3.2458088235294102
Naive Bayes Strength-Range Model,21.6,14.32419117647059,7.275808823529411
Naive Bayes Strength-Range Model,57.23,14.32419117647059,42.905808823529405
Naive Bayes Strength-Range Model,56.63,14.32419117647059,42.30580882352941
Naive Bayes Strength-Range Model,32.96,14.32419117647059,18.63580882352941
Naive Bayes Strength-Range Model,65.91,14.32419117647059,51.585808823529405
Naive Bayes Strength-Range Model,14.5,14.32419117647059,0.17580882352940996
Naive Bayes Strength-Range Model,4.57,14.32419117647059,-9.75419117647059
Naive Bayes Strength-Range Model,16.5,14.32419117647059,2.17580882352941
Naive Bayes Strength-Range Model,102.8,147.7072843137255,-44.9072843137255
Naive Bayes Strength-Range Model,123.05,147.7072843137255,-24.657284313725498
Naive Bayes Strength-Range Model,58.9,147.7072843137255,-88.80728431372549
Naive Bayes Strength-Range Model,112.22,147.7072843137255,-35.487284313725496
Naive Bayes Strength-Range Model,44.3,14.32419117647059,29.975808823529405
Naive Bayes Strength-Range Model,168.0,147.7072843137255,20.292715686274505
Naive Bayes Strength-Range Model,12.0,14.32419117647059,-2.32419117647059
Naive Bayes Strength-Range Model,91.1,147.7072843137255,-56.6072843137255
Naive Bayes Strength-Range Model,34.49,27.208823529411767,7.281176470588235
Naive Bayes Strength-Range Model,41.3,14.32419117647059,26.975808823529405
Naive Bayes Strength-Range Model,22.9,14.32419117647059,8.575808823529409
Naive Bayes Strength-Range Model,23.69,14.32419117647059,9.365808823529411
Naive Bayes Strength-Range Model,56.4,14.32419117647059,42.07580882352941
Naive Bayes Strength-Range Model,160.0,147.7072843137255,12.292715686274505
Naive Bayes Strength-Range Model,35.08,14.32419117647059,20.755808823529406
Naive Bayes Strength-Range Model,25.73,14.32419117647059,11.40580882352941
Naive Bayes Strength-Range Model,39.05,14.32419117647059,24.725808823529405
Naive Bayes Strength-Range Model,155.0,147.7072843137255,7.292715686274505
Naive Bayes Strength-Range Model,169.0,147.7072843137255,21.292715686274505
Naive Bayes Strength-Range Model,62.05,14.32419117647059,47.725808823529405
Naive Bayes Strength-Range Model,50.85,14.32419117647059,36.52580882352941
Naive Bayes Strength-Range Model,35.31,14.32419117647059,20.98580882352941
Naive Bayes Strength-Range Model,35.08,14.32419117647059,20.755808823529406
Naive Bayes Strength-Range Model,36.3,14.32419117647059,21.975808823529405
Naive Bayes Strength-Range Model,24.58,14.32419117647059,10.255808823529408
Naive Bayes Strength-Range Model,27.22,14.32419117647059,12.895808823529409
Naive Bayes Strength-Range Model,13.62,14.32419117647059,-0.7041911764705908
Naive Bayes Strength-Range Model,175.9,147.7072843137255,28.19271568627451
Naive Bayes Strength-Range Model,35.87,14.32419117647059,21.545808823529406
Naive Bayes Strength-Range Model,130.3,147.7072843137255,-17.407284313725484
Naive Bayes Strength-Range Model,14.84,14.32419117647059,0.5158088235294098
Naive Bayes Strength-Range Model,52.83,14.32419117647059,38.50580882352941
Naive Bayes Strength-Range Model,64.5,147.7072843137255,-83.2072843137255
Naive Bayes Strength-Range Model,55.26,37.11078624078624,18.149213759213758
Naive Bayes Strength-Range Model,32.1,14.32419117647059,17.77580882352941
Naive Bayes Strength-Range Model,21.65,14.32419117647059,7.3258088235294085
Naive Bayes Strength-Range Model,68.1,14.32419117647059,53.7758088235294
Naive Bayes Strength-Range Model,55.0,14.32419117647059,40.67580882352941
Naive Bayes Strength-Range Model,45.08,14.32419117647059,30.755808823529406
Naive Bayes Strength-Range Model,60.29,14.32419117647059,45.96580882352941
Naive Bayes Strength-Range Model,65.98,147.7072843137255,-81.72728431372549
Naive Bayes Strength-Range Model,175.9,147.7072843137255,28.19271568627451
Naive Bayes Strength-Range Model,76.8,14.32419117647059,62.475808823529405
Naive Bayes Strength-Range Model,9.69,14.32419117647059,-4.6341911764705905
Naive Bayes Strength-Range Model,55.28,14.32419117647059,40.95580882352941
Naive Bayes Strength-Range Model,197.6,147.7072843137255,49.8927156862745
Naive Bayes Strength-Range Model,61.11,14.32419117647059,46.78580882352941
Naive Bayes Strength-Range Model,10.54,14.32419117647059,-3.784191176470591
Naive Bayes Strength-Range Model,123.0,147.7072843137255,-24.707284313725495
Naive Bayes Strength-Range Model,73.3,14.32419117647059,58.975808823529405
Naive Bayes Strength-Range Model,50.77,14.32419117647059,36.44580882352941
Naive Bayes Strength-Range Model,35.75,14.32419117647059,21.425808823529408
Naive Bayes Strength-Range Model,42.7,14.32419117647059,28.37580882352941
Naive Bayes Strength-Range Model,6.0,14.32419117647059,-8.32419117647059
Naive Bayes Strength-Range Model,43.0,37.11078624078624,5.88921375921376
Naive Bayes Strength-Range Model,18.29,14.32419117647059,3.965808823529409
Naive Bayes Strength-Range Model,56.14,14.32419117647059,41.81580882352941
Naive Bayes Strength-Range Model,42.8,14.32419117647059,28.475808823529405
Naive Bayes Strength-Range Model,36.59,14.32419117647059,22.26580882352941
Naive Bayes Strength-Range Model,39.42,14.32419117647059,25.09580882352941
Naive Bayes Strength-Range Model,59.59,14.32419117647059,45.26580882352941
Naive Bayes Strength-Range Model,170.9,147.7072843137255,23.19271568627451
Naive Bayes Strength-Range Model,25.08,37.11078624078624,-12.030786240786242
Naive Bayes Strength-Range Model,33.73,14.32419117647059,19.405808823529405
Naive Bayes Strength-Range Model,56.14,14.32419117647059,41.81580882352941
Naive Bayes Strength-Range Model,82.0,147.7072843137255,-65.7072843137255
Naive Bayes Strength-Range Model,97.4,147.7072843137255,-50.30728431372549
Naive Bayes Strength-Range Model,177.0,147.7072843137255,29.292715686274505
Naive Bayes Strength-Range Model,55.45,14.32419117647059,41.12580882352941
Naive Bayes Strength-Range Model,52.5,76.50311274509804,-24.003112745098036
Naive Bayes Strength-Range Model,23.79,14.32419117647059,9.465808823529409
Naive Bayes Strength-Range Model,11.65,14.32419117647059,-2.6741911764705897
Naive Bayes Strength-Range Model,36.15,37.11078624078624,-0.9607862407862413
Naive Bayes Strength-Range Model,14.4,14.32419117647059,0.07580882352941032
Naive Bayes Strength-Range Model,24.4,14.32419117647059,10.075808823529409
Naive Bayes Strength-Range Model,36.44,14.32419117647059,22.115808823529406
Naive Bayes Strength-Range Model,44.03,14.32419117647059,29.70580882352941
Naive Bayes Strength-Range Model,60.95,14.32419117647059,46.62580882352941
Naive Bayes Strength-Range Model,42.13,37.11078624078624,5.019213759213763
Naive Bayes Strength-Range Model,47.71,14.32419117647059,33.38580882352941
Naive Bayes Strength-Range Model,39.0,27.208823529411767,11.791176470588233
Naive Bayes Strength-Range Model,36.94,14.32419117647059,22.615808823529406
Naive Bayes Strength-Range Model,119.1,147.7072843137255,-28.6072843137255
Naive Bayes Strength-Range Model,40.06,14.32419117647059,25.73580882352941
Naive Bayes Strength-Range Model,43.57,14.32419117647059,29.24580882352941
Naive Bayes Strength-Range Model,110.42,147.7072843137255,-37.28728431372549
Naive Bayes Strength-Range Model,43.57,14.32419117647059,29.24580882352941
Naive Bayes Strength-Range Model,22.75,14.32419117647059,8.42580882352941
Naive Bayes Strength-Range Model,56.34,14.32419117647059,42.01580882352941
Naive Bayes Strength-Range Model,46.64,14.32419117647059,32.31580882352941
Naive Bayes Strength-Range Model,28.3,14.32419117647059,13.97580882352941
Naive Bayes Strength-Range Model,66.42,14.32419117647059,52.09580882352941
Naive Bayes Strength-Range Model,44.3,37.11078624078624,7.189213759213757
Naive Bayes Strength-Range Model,17.58,14.32419117647059,3.2558088235294083
Naive Bayes Strength-Range Model,15.82,14.32419117647059,1.4958088235294102
Naive Bayes Strength-Range Model,18.13,14.32419117647059,3.805808823529409
Naive Bayes Strength-Range Model,64.9,14.32419117647059,50.575808823529414
Naive Bayes Strength-Range Model,45.08,14.32419117647059,30.755808823529406
Naive Bayes Strength-Range Model,9.01,14.32419117647059,-5.31419117647059
Naive Bayes Strength-Range Model,77.01,147.7072843137255,-70.69728431372549
Naive Bayes Strength-Range Model,25.42,14.32419117647059,11.095808823529412
Naive Bayes Strength-Range Model,120.7,147.7072843137255,-27.007284313725492
Naive Bayes Strength-Range Model,23.84,14.32419117647059,9.51580882352941
Naive Bayes Strength-Range Model,123.4,147.7072843137255,-24.30728431372549
Naive Bayes Strength-Range Model,172.5,147.7072843137255,24.792715686274505
Naive Bayes Strength-Range Model,130.3,147.7072843137255,-17.407284313725484
Naive Bayes Strength-Range Model,34.15,37.11078624078624,-2.9607862407862413
Naive Bayes Strength-Range Model,21.86,14.32419117647059,7.535808823529409
Naive Bayes Strength-Range Model,24.28,14.32419117647059,9.955808823529411
Naive Bayes Strength-Range Model,36.45,27.208823529411767,9.241176470588236
Naive Bayes Strength-Range Model,49.97,14.32419117647059,35.64580882352941
Naive Bayes Strength-Range Model,59.76,14.32419117647059,45.435808823529406
Naive Bayes Strength-Range Model,41.93,37.11078624078624,4.81921375921376
Naive Bayes Strength-Range Model,161.6,147.7072843137255,13.8927156862745
Naive Bayes Strength-Range Model,118.7,147.7072843137255,-29.007284313725492
Naive Bayes Strength-Range Model,52.91,37.11078624078624,15.799213759213757
Naive Bayes Strength-Range Model,79.3,14.32419117647059,64.9758088235294
Naive Bayes Strength-Range Model,86.7,147.7072843137255,-61.00728431372549
