concrete_type,model,rows,features,RMSE,MAE,R2
normal,Random Forest Regressor,2248,17,2.6462292415339173,1.612985713343611,0.9760160411247921
normal,Gradient Boosting Regressor,2248,17,3.6724859999132002,2.8500938103447013,0.9538059287184277
normal,Multiple Linear Regression,2248,17,10.35001815236985,8.27515562249523,0.6330996167575971
uhpc,Random Forest Regressor,1140,17,8.033499018804102,4.948942917343426,0.9843461758113867
uhpc,Gradient Boosting Regressor,1140,17,8.460370113432683,5.450004822506874,0.9826384023748362
uhpc,Multiple Linear Regression,1140,17,20.57299340020076,14.541057318421501,0.8973388947808123
